State,Mean,Median,Min,Max,Count
Goa,395000.0,395000.0,390000.0,400000.0,2
Orissa,282771.0,290543.0,160000.0,390000.0,4
Andhra Pradesh,327000.0,285000.0,168000.0,570000.0,4
Rajasthan,261833.0,272500.0,156000.0,330000.0,6
Uttarakhand,237258.0,267000.0,97032.0,318000.0,4
Karnataka,297411.0,259000.0,350.0,939847.0,64
Uttar Pradesh,501246.0,258000.0,120000.0,2700000.0,21
Punjab,320750.0,255000.0,84000.0,960000.0,8
Maharashtra,412659.0,252000.0,66000.0,3600000.0,51
Gujarat,289661.0,250000.0,72000.0,660000.0,31
Telangana,259778.0,250000.0,150000.0,540000.0,9
Delhi,283065.0,240000.0,10000.0,750000.0,31
India,165627.0,240000.0,9.0,256872.0,3
Himachal Pradesh,221888.0,240000.0,125000.0,360000.0,7
Haryana,225139.0,240000.0,125000.0,318000.0,7
Kerala,233807.0,210000.0,35.0,2000000.0,123
Dadra and Nagar Haveli,210000.0,210000.0,210000.0,210000.0,1
Puducherry,210000.0,210000.0,186000.0,234000.0,2
Chandigarh,240000.0,210000.0,180000.0,360000.0,4
West Bengal,238958.0,210000.0,90000.0,540000.0,15
Tamil Nadu,222622.0,202000.0,3000.0,780000.0,114
Jharkhand,201000.0,201000.0,138000.0,264000.0,2
Assam,198000.0,198000.0,180000.0,216000.0,2
Chhattisgarh,236000.0,180000.0,168000.0,360000.0,3
Bihar,171000.0,171000.0,120000.0,222000.0,2
Remote,199755.0,156516.0,60.0,650000.0,73
Madhya Pradesh,175800.0,150000.0,132000.0,270000.0,5
