Job Title,Mean,Median,Min,Max,Count
Pharma Freshers,3600000.0,3600000.0,3600000.0,3600000.0,1
Physiotherapy Germany,2700000.0,2700000.0,2700000.0,2700000.0,1
Germany Physiotherapist,2400000.0,2400000.0,2400000.0,2400000.0,1
MEDICAL REPRESENTATIVE,2000000.0,2000000.0,2000000.0,2000000.0,1
HR Trainee,1704000.0,1704000.0,108000.0,3300000.0,2
Technical Trainer,960000.0,960000.0,960000.0,960000.0,1
Cinematography,939847.0,939847.0,939847.0,939847.0,1
Personal Secretary,930000.0,930000.0,930000.0,930000.0,1
Assistant/Associate /Professors,780000.0,780000.0,780000.0,780000.0,1
Freshers - Delhi,750000.0,750000.0,750000.0,750000.0,1
Team Leader - Operations,675213.0,675213.0,675213.0,675213.0,1
Factory Incharge,630000.0,630000.0,630000.0,630000.0,1
Fire Engineer (Fresher),600000.0,600000.0,600000.0,600000.0,1
Looking for Course Counsellors/Tele callers on Commission Basis,600000.0,600000.0,600000.0,600000.0,1
Chartered Accountant/Semi Qualified / ICWA(CMA)/CS,600000.0,600000.0,600000.0,600000.0,1
AR Caller Trainee,600000.0,600000.0,600000.0,600000.0,1
Air Conditioning Technician,600000.0,600000.0,600000.0,600000.0,1
Cyber Security Trainer,600000.0,600000.0,600000.0,600000.0,1
Fresher Operations Analyst (Construction),575000.0,575000.0,575000.0,575000.0,1
Aesthetic Surgeon,570000.0,570000.0,570000.0,570000.0,2
CRE and Agency leader,550000.0,550000.0,550000.0,550000.0,1
Google Ads Specialist,550000.0,550000.0,550000.0,550000.0,1
Human Resource,550000.0,550000.0,550000.0,550000.0,1
Database Administrator,545178.0,545178.0,545178.0,545178.0,1
Junior Python Developer,540000.0,540000.0,540000.0,540000.0,1
DMO,540000.0,540000.0,540000.0,540000.0,1
Google Ads Executive(fresher/experience),540000.0,540000.0,420000.0,660000.0,2
Content Creator,450000.0,540000.0,60000.0,750000.0,3
Ai developer/intern,540000.0,540000.0,540000.0,540000.0,1
Managers,510000.0,510000.0,510000.0,510000.0,1
Digital and AI Marketing Service Executive,510000.0,510000.0,510000.0,510000.0,1
Freelance Recruiter,504000.0,504000.0,504000.0,504000.0,1
UI/UX Freshers (2024),500000.0,500000.0,500000.0,500000.0,1
Management Trainee,451298.0,498492.0,250000.0,650000.0,5
Trainee Architect,498073.0,498073.0,498073.0,498073.0,1
Urgent Requirements of CHEMISTRY Teacher for NEET & JEE Main level,480000.0,480000.0,480000.0,480000.0,1
Hiring Freshers for Bangalore Location ( Budget upto 45k inhand),480000.0,480000.0,480000.0,480000.0,1
Flutter Developer Intern,451650.0,451650.0,451650.0,451650.0,1
Technical Marketing,450000.0,450000.0,450000.0,450000.0,1
Call Quality Analyst,450000.0,450000.0,450000.0,450000.0,1
Life Insurance Advisor,450000.0,450000.0,450000.0,450000.0,1
Customer Support - Trainee,450000.0,450000.0,450000.0,450000.0,1
Trainee Admission Officer,450000.0,450000.0,450000.0,450000.0,1
Account Executive,432000.0,432000.0,432000.0,432000.0,1
Sales & Marketing Manager,420000.0,420000.0,420000.0,420000.0,1
Knitting Specialist,420000.0,420000.0,420000.0,420000.0,1
Medical Scribe Trainee,420000.0,420000.0,420000.0,420000.0,1
Corporate Relationship Manager,420000.0,420000.0,420000.0,420000.0,1
Calibration Engineer(fresher),420000.0,420000.0,420000.0,420000.0,1
Receptionist Front Desk,420000.0,420000.0,420000.0,420000.0,1
Public Relations Coordinator,420000.0,420000.0,420000.0,420000.0,1
Technical Executive,420000.0,420000.0,420000.0,420000.0,1
Digital Marketing Manager,414000.0,414000.0,414000.0,414000.0,1
Drug Safety Associate,412802.0,412802.0,412802.0,412802.0,1
Technical Support Engineer,402000.0,402000.0,402000.0,402000.0,1
Graduate Trainee (full Time),400000.0,400000.0,400000.0,400000.0,1
Editor,400000.0,400000.0,400000.0,400000.0,1
Quality Engineer Trainee,400000.0,400000.0,400000.0,400000.0,1
TRAINEE ENGINEER- NETWORK SECURITY,400000.0,400000.0,400000.0,400000.0,1
Off Campus Hiring for Fresher Batch 2023 - 24,400000.0,400000.0,400000.0,400000.0,1
Personal assistant,390000.0,390000.0,390000.0,390000.0,1
Australian Accounting - Fresher,390000.0,390000.0,390000.0,390000.0,1
Delivery Partner/Delivery Executive,390000.0,390000.0,300000.0,480000.0,9
Chat Support Representative- Mohali,390000.0,390000.0,390000.0,390000.0,1
Virtual Scribe Trainee,390000.0,390000.0,390000.0,390000.0,1
Software Engineer Trainee,380000.0,380000.0,380000.0,380000.0,1
Management Trainee(Financial Planning & Investments) (Job location:- Vadodara Only),378000.0,378000.0,378000.0,378000.0,1
FACULTY WANTED - COMMERCE,378000.0,378000.0,378000.0,378000.0,1
Fresher hiring for BDE role,375000.0,375000.0,375000.0,375000.0,1
Junior Data Scientist,375000.0,375000.0,375000.0,375000.0,1
Business Development,373341.0,373341.0,360000.0,386683.0,2
Data Processor - Business Analytics,360000.0,360000.0,360000.0,360000.0,1
Assistant Professor,360000.0,360000.0,360000.0,360000.0,1
Delivery Drivers / Delivery Executives / Delivery Boys / Freshers,360000.0,360000.0,360000.0,360000.0,2
Website Designer & Developer,360000.0,360000.0,360000.0,360000.0,1
Private Tutor,360000.0,360000.0,360000.0,360000.0,1
Research Associate,360000.0,360000.0,360000.0,360000.0,1
QC Officer,360000.0,360000.0,360000.0,360000.0,1
Education Counsellor,360000.0,360000.0,360000.0,360000.0,1
Student Counsellor,360000.0,360000.0,270000.0,450000.0,2
Bouncer,360000.0,360000.0,360000.0,360000.0,1
Store & Purchase Executive,360000.0,360000.0,360000.0,360000.0,1
Research Analyst (Fresher),350000.0,350000.0,350000.0,350000.0,1
Network and hardware trainee,350000.0,350000.0,350000.0,350000.0,1
Territory Sales Officer (Pathanamthitta),350000.0,350000.0,350000.0,350000.0,1
Greenpeace NGO - Fundraiser,342000.0,342000.0,342000.0,342000.0,1
Restaurant Staff,330000.0,330000.0,330000.0,330000.0,1
Business Development Associate,330457.0,330000.0,180000.0,475000.0,8
Social Media Manager,283971.0,326914.0,141000.0,384000.0,3
Data Analyst,336333.0,324000.0,285000.0,400000.0,3
Quality Analyst,318600.0,318600.0,315000.0,322200.0,2
Delivery Executive/Delivery Partner,318000.0,318000.0,318000.0,318000.0,4
Hotel Management Trainee,318000.0,318000.0,300000.0,336000.0,2
డెలివరీ ఎగ్జిక్యూటివ్ / డెలివరీ భాగస్వామి,318000.0,318000.0,318000.0,318000.0,1
Back Office Executive,318000.0,318000.0,318000.0,318000.0,1
Architect,318000.0,318000.0,318000.0,318000.0,1
Trainee - Quality,312000.0,312000.0,312000.0,312000.0,1
Passenger Services Supervisor,311085.0,311085.0,311085.0,311085.0,1
Trainee - Human Resource,300000.0,300000.0,300000.0,300000.0,1
Robotics / STEM Trainer,300000.0,300000.0,270000.0,330000.0,2
Project Manager,300000.0,300000.0,300000.0,300000.0,2
Programme Coordinator,300000.0,300000.0,300000.0,300000.0,1
Sales Executive / Sales Manager - Real Estate,300000.0,300000.0,300000.0,300000.0,1
Personal Assistant,300000.0,300000.0,300000.0,300000.0,1
BCA Fresher,300000.0,300000.0,300000.0,300000.0,1
Need STUDY/TOURIST visa Councellor,300000.0,300000.0,300000.0,300000.0,1
Call Coordinator,300000.0,300000.0,300000.0,300000.0,1
"Teachers - Pre-Primary and Primary (English, Mathematics, EVS and Computers)",300000.0,300000.0,300000.0,300000.0,1
Manual Tester,300000.0,300000.0,300000.0,300000.0,1
QA Engineer Fresher,300000.0,300000.0,300000.0,300000.0,1
Wanted Delivery Executive Boys / Girls,300000.0,300000.0,300000.0,300000.0,1
Trainee Engineer,300000.0,300000.0,300000.0,300000.0,1
Full Stack Development Intern,300000.0,300000.0,300000.0,300000.0,1
Business Development Executive (BDE),276000.0,300000.0,168000.0,360000.0,3
JOB DRIVE @ Trivandrum,300000.0,300000.0,300000.0,300000.0,1
Back Office Assistant,298101.0,298101.0,224202.0,372000.0,2
E-Commerce Manager,289706.0,289706.0,289706.0,289706.0,1
Warehouse Incharge,288000.0,288000.0,288000.0,288000.0,1
Machine Learning,288000.0,288000.0,288000.0,288000.0,1
Operations executive,288000.0,288000.0,288000.0,288000.0,1
Field Sales Representative,285000.0,285000.0,240000.0,330000.0,2
Management Trainee- Investments & Life Insurance for Australian Shift (Vadodara Only),282000.0,282000.0,282000.0,282000.0,1
Freshers and Experience can apply,282000.0,282000.0,282000.0,282000.0,1
Programmer,282000.0,282000.0,282000.0,282000.0,1
Lead Generation Specialist,280000.0,280000.0,280000.0,280000.0,1
Data entry fresher apply now,276533.0,276533.0,276533.0,276533.0,1
tellecaller,276216.0,276216.0,276216.0,276216.0,1
Academic Advisor - Female,276000.0,276000.0,276000.0,276000.0,1
Phone Banking Officer,275000.0,275000.0,275000.0,275000.0,1
IT fresher(Trainee engineer),275000.0,275000.0,275000.0,275000.0,1
E-Commerce works agency with Amazon PPC Ad management,274843.0,274843.0,274843.0,274843.0,1
Data Entry Executive,273093.0,273093.0,273093.0,273093.0,1
Physiotherapist,271766.0,271766.0,226501.0,317030.0,2
Programmer Trainee,271362.0,271362.0,271362.0,271362.0,1
Data Entry Officer,271137.0,271137.0,271137.0,271137.0,1
Research Trainee,270000.0,270000.0,270000.0,270000.0,1
Community Manager,270000.0,270000.0,270000.0,270000.0,1
jewellery cad designer,270000.0,270000.0,270000.0,270000.0,1
Worked as teacher,270000.0,270000.0,270000.0,270000.0,1
HR recruitment officer,270000.0,270000.0,270000.0,270000.0,1
Consultant Doctor,270000.0,270000.0,270000.0,270000.0,2
Field Information Officer,270000.0,270000.0,270000.0,270000.0,1
MEP Supervisor,270000.0,270000.0,270000.0,270000.0,1
Accountant (Tally),270000.0,270000.0,270000.0,270000.0,1
Alt-Text Writer - General,270000.0,270000.0,270000.0,270000.0,1
Category Head - Mobile,270000.0,270000.0,270000.0,270000.0,1
Documents verification,270000.0,270000.0,270000.0,270000.0,1
Production Fresher,270000.0,270000.0,270000.0,270000.0,1
Front Office,270000.0,270000.0,270000.0,270000.0,3
Delivery executive,270000.0,270000.0,270000.0,270000.0,1
Doctor,270000.0,270000.0,270000.0,270000.0,1
Digital Marketing Specialist,270000.0,270000.0,240000.0,300000.0,2
Business Associate,264000.0,264000.0,264000.0,264000.0,1
Front Office Executives and Interns,264000.0,264000.0,264000.0,264000.0,1
"Jio point manager in uluthurpet,madapattu, Kandachipuram, Vikravandi, Valavanur, Villupuram",264000.0,264000.0,264000.0,264000.0,1
Staff Nurse (Dermatology; Nungambakkam Chennai),264000.0,264000.0,264000.0,264000.0,1
Document verification fresher apply now,262975.0,262975.0,262975.0,262975.0,1
Collection Executive,261000.0,261000.0,261000.0,261000.0,1
Associate: Supply Chain Team,260000.0,260000.0,260000.0,260000.0,1
Service Engineer - Fresher (ITI or Diploma or Any Degree),258000.0,258000.0,258000.0,258000.0,1
Regional Language Content Writer (On-site Job),258000.0,258000.0,258000.0,258000.0,1
Project Billing Specialist,258000.0,258000.0,258000.0,258000.0,1
Hybrid Mobile App Developer,258000.0,258000.0,258000.0,258000.0,1
Hindi Tele sale Voice Process. Jayanagar Bangalore- Only Fresher,258000.0,258000.0,258000.0,258000.0,1
Quality Analyst Fresher,258000.0,258000.0,258000.0,258000.0,1
Department Supervisor,258000.0,258000.0,258000.0,258000.0,1
Female Allocation Executive,258000.0,258000.0,258000.0,258000.0,1
DSMH-HIRING-,256872.0,256872.0,256872.0,256872.0,1
Software Sales Executive,253360.0,253360.0,253360.0,253360.0,1
Medical Representatve for OPD Camps (Bengaluru),252000.0,252000.0,252000.0,252000.0,1
Field Collection Executive,252000.0,252000.0,252000.0,252000.0,1
ATM Service Engineer,252000.0,252000.0,252000.0,252000.0,1
QA Fresher,250000.0,250000.0,250000.0,250000.0,1
"Inside Sales Account Manager - - Preferred from Hyderabad, TS",250000.0,250000.0,250000.0,250000.0,1
Content Writer-Remote,250000.0,250000.0,250000.0,250000.0,1
JET - Fresher Diploma Engineer(Mechanical/Fabrication/Production),250000.0,250000.0,250000.0,250000.0,1
HR Recruiter (IT/Non IT) Freshers,250000.0,250000.0,250000.0,250000.0,1
Multimedia Educator fresher,250000.0,250000.0,250000.0,250000.0,1
Residential Tutor,248640.0,248640.0,248640.0,248640.0,1
Business Development Officer,246152.0,246152.0,246152.0,246152.0,1
Duty Officer,246000.0,246000.0,246000.0,246000.0,1
Fresher opening for Manual Testing,242126.0,242126.0,242126.0,242126.0,1
Opening for Delivery Partner,241032.0,241032.0,241032.0,241032.0,1
Hairdresser,240000.0,240000.0,240000.0,240000.0,1
Brand Face,240000.0,240000.0,240000.0,240000.0,1
Interior Designer,240000.0,240000.0,240000.0,240000.0,1
IPQA Officer,240000.0,240000.0,240000.0,240000.0,1
General Manager,240000.0,240000.0,240000.0,240000.0,1
Inside Sales Executive,240000.0,240000.0,240000.0,240000.0,1
Sales & Marketing Assistant manager,240000.0,240000.0,228000.0,252000.0,2
Anchor,240000.0,240000.0,240000.0,240000.0,1
Unit Coordinator,240000.0,240000.0,240000.0,240000.0,1
JUNIOR ARCHITECT,240000.0,240000.0,240000.0,240000.0,1
Sales Officer (SO),240000.0,240000.0,240000.0,240000.0,1
Sales and Customer Service Executive,240000.0,240000.0,240000.0,240000.0,1
Programmers,240000.0,240000.0,240000.0,240000.0,1
Associate Sales Manager,240000.0,240000.0,240000.0,240000.0,1
Asst. Purchase Manager,240000.0,240000.0,240000.0,240000.0,1
Staff Nurse,240000.0,240000.0,240000.0,240000.0,1
Administration/Office Manager,240000.0,240000.0,240000.0,240000.0,1
Medical Coder Trainee,240000.0,240000.0,240000.0,240000.0,1
Medical Biller - DME USA,240000.0,240000.0,240000.0,240000.0,1
Admin,240000.0,240000.0,240000.0,240000.0,1
Teaching & non Teaching,240000.0,240000.0,240000.0,240000.0,1
SALES & GODOWN WORK,240000.0,240000.0,240000.0,240000.0,1
Badminton Coach,240000.0,240000.0,240000.0,240000.0,2
Beauty and Massage Therapist,240000.0,240000.0,240000.0,240000.0,1
Travel Consultant (FEMALE ONLY),240000.0,240000.0,240000.0,240000.0,1
TEACHER,240000.0,240000.0,240000.0,240000.0,1
3D Modeling Artist,240000.0,240000.0,240000.0,240000.0,1
Electrical Assembler,240000.0,240000.0,240000.0,240000.0,1
Electrical Technician,240000.0,240000.0,240000.0,240000.0,1
EDUCATION COUNSELLOR,240000.0,240000.0,240000.0,240000.0,1
Delivery Boy,240000.0,240000.0,240000.0,240000.0,1
Data entry operater,240000.0,240000.0,240000.0,240000.0,1
Fresher KYC Verification Executive,240000.0,240000.0,240000.0,240000.0,1
Cyber Security Trainee,240000.0,240000.0,240000.0,240000.0,1
Fresh Graduate,235500.0,235500.0,231000.0,240000.0,2
FRESHER graduate (Any Field),235000.0,235000.0,235000.0,235000.0,1
"Proofreading, Quality Control & Copy Editing - Freshers Also Welcome",234596.0,234596.0,234596.0,234596.0,1
Sales Supervisor,234000.0,234000.0,234000.0,234000.0,1
Visa submission officer - Operations,234000.0,234000.0,234000.0,234000.0,1
Office Executive Fresher,234000.0,234000.0,234000.0,234000.0,1
Sales Associate,234000.0,234000.0,234000.0,234000.0,1
Modelling,230000.0,230000.0,10000.0,450000.0,2
Behavioural Trainer- Fresher,228000.0,228000.0,228000.0,228000.0,1
Application Developer,226440.0,226440.0,226440.0,226440.0,1
Tele Caller (English - WFH),226352.0,226352.0,226352.0,226352.0,1
Field Marketing Executive,225697.0,225697.0,225697.0,225697.0,1
Accountant Trainee,225000.0,225000.0,180000.0,270000.0,2
Delivery Executive,225000.0,225000.0,225000.0,225000.0,1
Customer Service Executive,223500.0,223500.0,132000.0,315000.0,2
Academic Advisor (Work from Home),222000.0,222000.0,222000.0,222000.0,1
Education Consultant,222000.0,222000.0,222000.0,222000.0,1
Power App Trainee (Freshers),222000.0,222000.0,222000.0,222000.0,1
Recruiter,222000.0,222000.0,222000.0,222000.0,1
"CS Management Trainee (Financial Planning & Investment) Job Location:- Vadodara, Gujarat Only",222000.0,222000.0,222000.0,222000.0,1
General engineer trainee,222000.0,222000.0,222000.0,222000.0,1
Block Coordinator,222000.0,222000.0,222000.0,222000.0,1
Service Engineer( Freshers can apply),222000.0,222000.0,222000.0,222000.0,1
Community Associate (Social Worker),222000.0,222000.0,222000.0,222000.0,1
Business Development Associate (BDA),222000.0,222000.0,222000.0,222000.0,1
Trainee Auditor,219000.0,219000.0,219000.0,219000.0,2
Pizzahut Team member,217800.0,217800.0,217800.0,217800.0,1
Hubli - Fresh Graduates for English Ad Design,216900.0,216900.0,216900.0,216900.0,1
Documentation(Freshers),216000.0,216000.0,216000.0,216000.0,1
RTO Executive,216000.0,216000.0,216000.0,216000.0,1
Junior Landscape Architect,216000.0,216000.0,216000.0,216000.0,1
Junior Process Associate (Voice Process),216000.0,216000.0,216000.0,216000.0,1
QA Game Tester,216000.0,216000.0,216000.0,216000.0,1
Assisstant Resource Manager_Construction Projects,216000.0,216000.0,216000.0,216000.0,1
Territory Sales Officer,216000.0,216000.0,216000.0,216000.0,1
Assistant Supervisor,220500.0,216000.0,210000.0,240000.0,4
Junior Associate,216000.0,216000.0,216000.0,216000.0,1
PROBATIONARY OFFICER,216000.0,216000.0,216000.0,216000.0,1
Data Entry Operator Fresher,216000.0,216000.0,216000.0,216000.0,1
Trainee - Operations (IP Services),215000.0,215000.0,215000.0,215000.0,1
Junior Software Engineer,214538.0,214538.0,214538.0,214538.0,1
"Graphic Designer (Vesu, Surat)",212500.0,212500.0,212500.0,212500.0,1
Factory Helpers / Helpers,212100.0,212100.0,212100.0,212100.0,1
Voice Process Trainee,210000.0,210000.0,210000.0,210000.0,1
Customer Relationship Executive (for Rajkot candidate only),210000.0,210000.0,210000.0,210000.0,1
Fresher-Bcom,210000.0,210000.0,210000.0,210000.0,1
OT Assistant,210000.0,210000.0,210000.0,210000.0,1
Fresher-BCOM,210000.0,210000.0,210000.0,210000.0,1
Junior Sales and Marketing Executive (Healthcare),210000.0,210000.0,210000.0,210000.0,1
LaTeX Research Documents Editor,210000.0,210000.0,210000.0,210000.0,1
Graphic Designer - Amazon Products Lifestyle & Infographics,210000.0,210000.0,210000.0,210000.0,1
Marketing Assistant,210000.0,210000.0,210000.0,210000.0,1
Operations Co-ordinator,210000.0,210000.0,210000.0,210000.0,1
Freshers Walk-In (Autocad),210000.0,210000.0,210000.0,210000.0,1
MEDICAL REPRESENTATIVE VACANCY,210000.0,210000.0,210000.0,210000.0,1
Jr. PHP Developer (Fresher with 3-6 months training in PHP),210000.0,210000.0,210000.0,210000.0,1
Brand Collaborator,210000.0,210000.0,210000.0,210000.0,2
College Student,210000.0,210000.0,210000.0,210000.0,1
Fresher required (operations),210000.0,210000.0,210000.0,210000.0,1
Sales Advisor_ Work From Home,210000.0,210000.0,210000.0,210000.0,1
Tele Marketing Executive,210000.0,210000.0,210000.0,210000.0,1
Hotel Operations Manager,210000.0,210000.0,210000.0,210000.0,1
Adonis Manufacturing Pvt Ltd ( Freshers Hiring Permanent ),210000.0,210000.0,210000.0,210000.0,1
Staff Nurse- Female,210000.0,210000.0,210000.0,210000.0,1
Sales executive-(MBA Freshers),210000.0,210000.0,210000.0,210000.0,1
Electrical Engineer,210000.0,210000.0,210000.0,210000.0,1
Sales Executive- Freshers can apply,210000.0,210000.0,210000.0,210000.0,1
Service Advisor,210000.0,210000.0,210000.0,210000.0,1
Tele Calling Executive,210000.0,210000.0,210000.0,210000.0,1
Data Entry Operator - Production,210000.0,210000.0,210000.0,210000.0,1
Vacancy for Fresher Graduate 8O13927285,210000.0,210000.0,210000.0,210000.0,1
Fresher - Malayalam,209236.0,209236.0,209236.0,209236.0,1
WANTED B.E CIVIL CANDIDATES WITH CAD KNOWLEDGE,204000.0,204000.0,204000.0,204000.0,1
Wanted female office assistants,204000.0,204000.0,204000.0,204000.0,1
State Bank Of India ( BRE Cards },204000.0,204000.0,204000.0,204000.0,1
Non Voice Chat Process,204000.0,204000.0,204000.0,204000.0,1
Customer Relationship Executive - B2B,204000.0,204000.0,204000.0,204000.0,1
Computer Operator,201000.0,201000.0,162000.0,240000.0,2
Data Entry Operator,200000.0,200000.0,200000.0,200000.0,1
Commis Chef,198711.0,198711.0,198711.0,198711.0,1
Manager Tumble Dry,198000.0,198000.0,198000.0,198000.0,1
HR TRAINEE,198000.0,198000.0,198000.0,198000.0,1
Production Co-ordinator,198000.0,198000.0,198000.0,198000.0,1
Sales & Marketing Officer,198000.0,198000.0,198000.0,198000.0,1
Architectural Draftsperson,198000.0,198000.0,198000.0,198000.0,1
CAD Designer,198000.0,198000.0,198000.0,198000.0,1
Need female graduates to train school student in Bandel,198000.0,198000.0,198000.0,198000.0,1
Document verification (office Fresher Applied Now),196694.0,196694.0,196694.0,196694.0,1
Data Entry Operator (DEO),194553.0,194553.0,194553.0,194553.0,1
Fresher Data Entry Operator (DEO),193200.0,193200.0,193200.0,193200.0,1
Store Keeper,192000.0,192000.0,192000.0,192000.0,1
Accademic Counsellor,192000.0,192000.0,192000.0,192000.0,1
Academic Consultant,192000.0,192000.0,192000.0,192000.0,1
Accessories Incharge,192000.0,192000.0,192000.0,192000.0,1
Diploma Trainee,192000.0,192000.0,168000.0,216000.0,2
Warehouse Executive,192000.0,192000.0,192000.0,192000.0,1
Sand plant operator(Fresher also can apply)Location- Howrah,192000.0,192000.0,192000.0,192000.0,1
Business Development Executive,192000.0,192000.0,108000.0,276000.0,2
Front Office Executive,192000.0,192000.0,192000.0,192000.0,1
Amazon Advertising Executive,189000.0,189000.0,189000.0,189000.0,1
Software Trainee,189000.0,189000.0,78000.0,300000.0,2
STATE BANK OF INDIA,186000.0,186000.0,186000.0,186000.0,1
Sales Staff,186000.0,186000.0,186000.0,186000.0,1
Receptionist,185000.0,185000.0,185000.0,185000.0,1
Back Office Executive (Operations Insurance),183000.0,183000.0,183000.0,183000.0,1
Python Intern Trainee,183000.0,183000.0,183000.0,183000.0,1
Social Media Intern,181295.0,181295.0,181295.0,181295.0,1
Production Coordinator,180000.0,180000.0,180000.0,180000.0,1
Business Analyst Fresher,180000.0,180000.0,180000.0,180000.0,1
Trainee - Digital,180000.0,180000.0,180000.0,180000.0,1
Female Visa Filing Officer,180000.0,180000.0,180000.0,180000.0,1
Jewellery Sales Assistant,180000.0,180000.0,180000.0,180000.0,1
Finance Intern,180000.0,180000.0,180000.0,180000.0,1
Supervisor,180000.0,180000.0,180000.0,180000.0,1
Soil and Rock testing assistant,180000.0,180000.0,180000.0,180000.0,1
Hindi speaking Receptionist,180000.0,180000.0,180000.0,180000.0,1
Document verification,180000.0,180000.0,180000.0,180000.0,1
Store Officer,180000.0,180000.0,180000.0,180000.0,1
Trainee Digital(Freshers - BSc/BCA/MCA),180000.0,180000.0,180000.0,180000.0,1
QC (Apparel/Garment),180000.0,180000.0,180000.0,180000.0,1
Bank Follow Up Officer (sme),180000.0,180000.0,180000.0,180000.0,1
Customer Success Associate,180000.0,180000.0,180000.0,180000.0,1
Internship to Job Program - JS Developer,180000.0,180000.0,180000.0,180000.0,1
Customer Care Executive - Hindi Must,180000.0,180000.0,180000.0,180000.0,1
Admission Counselor/ Telecaler Executive,180000.0,180000.0,180000.0,180000.0,1
Ticketing Executive,180000.0,180000.0,168000.0,192000.0,2
WANTED FRESHERS FOR OFFICE WORK,180000.0,180000.0,180000.0,180000.0,1
Field Officer,180000.0,180000.0,180000.0,180000.0,1
Inbound Banking Hindi Voice Process,180000.0,180000.0,180000.0,180000.0,1
"High School Teacher, IT",180000.0,180000.0,180000.0,180000.0,1
Accounts Assistant,174000.0,180000.0,162000.0,180000.0,3
Data Entry Operator/Computer Operator,180000.0,180000.0,180000.0,180000.0,2
Branch Accountant,180000.0,180000.0,180000.0,180000.0,1
Front Office Manager,180000.0,180000.0,180000.0,180000.0,1
AutoCAD Draftsman,180000.0,180000.0,180000.0,180000.0,1
Wedding Album Designers in Trivandrum,180000.0,180000.0,180000.0,180000.0,1
Mega Walk-in drive Customer Service Representative- Fresher's,180000.0,180000.0,180000.0,180000.0,1
Hiring Freshers ! AR Trainee -RCM,178987.0,178987.0,178987.0,178987.0,1
Assistant Store Keeper,177000.0,177000.0,177000.0,177000.0,1
Team Member (QSR),174000.0,174000.0,174000.0,174000.0,1
Trainee Associate,174000.0,174000.0,174000.0,174000.0,1
Office Associate,174000.0,174000.0,174000.0,174000.0,1
Document Verification Executive Fresher,174000.0,174000.0,174000.0,174000.0,1
Dog Walker,174000.0,174000.0,174000.0,174000.0,1
Team Member,173685.0,173685.0,168000.0,179369.0,2
Warehouse Associate,172722.0,172722.0,172722.0,172722.0,1
Diploma Mechanical Engineer - Design Engineer Trainee,168000.0,168000.0,168000.0,168000.0,1
Video Editor in Coimbatore,168000.0,168000.0,168000.0,168000.0,1
Assembly Line Operator,168000.0,168000.0,168000.0,168000.0,1
System Officer,168000.0,168000.0,168000.0,168000.0,1
Spot Offer for Customer Support Executive,168000.0,168000.0,168000.0,168000.0,1
Exam Invigilator,168000.0,168000.0,168000.0,168000.0,1
Draughtsman Mechanical,168000.0,168000.0,168000.0,168000.0,1
Project Assistant,167622.0,167622.0,167622.0,167622.0,1
Site Engineer,166803.0,166803.0,153607.0,180000.0,2
Trainee,240500.0,165000.0,132000.0,500000.0,4
Staff Trainee,162500.0,162500.0,162500.0,162500.0,1
Accountant,162000.0,162000.0,162000.0,162000.0,1
Research Assistant,162000.0,162000.0,162000.0,162000.0,1
HR Co-ordinator,162000.0,162000.0,162000.0,162000.0,1
"Fresher (ITI , Diploma or Any Degree)",162000.0,162000.0,162000.0,162000.0,1
Receptionist & telecaller,162000.0,162000.0,162000.0,162000.0,1
Billing Executive,172000.0,162000.0,138000.0,216000.0,3
Jewel Data Entry,162000.0,162000.0,162000.0,162000.0,1
Assembly Technician cum Winding Technician,162000.0,162000.0,162000.0,162000.0,1
Cashier,162000.0,162000.0,144000.0,180000.0,3
Process Associate,160000.0,160000.0,160000.0,160000.0,1
GET (Graduate Engineer Trainee),160000.0,160000.0,110000.0,210000.0,2
Graduate Trainee,159000.0,159000.0,108000.0,210000.0,2
Purchase Assistant,156000.0,156000.0,156000.0,156000.0,1
Vacancy For Fresher Photography - Girnar Ropeway Gujarat,156000.0,156000.0,156000.0,156000.0,1
Female Customer Care Executive (Surat),156000.0,156000.0,156000.0,156000.0,1
bell Boy/Girl,156000.0,156000.0,156000.0,156000.0,1
Logistics Trainee,156000.0,156000.0,156000.0,156000.0,1
HR Recruiter,156000.0,156000.0,150000.0,162000.0,2
Store In-charge,156000.0,156000.0,156000.0,156000.0,1
Vacancy For Fresher - Nathdwara Rajasthan,156000.0,156000.0,156000.0,156000.0,1
BE/ ME Freshers,156000.0,156000.0,156000.0,156000.0,1
Delivery Assistant,154164.0,154164.0,154164.0,154164.0,1
Customer Service Officer,153600.0,153600.0,153600.0,153600.0,1
HR Assistant,153000.0,153000.0,144000.0,162000.0,2
"Staff Nurse,ANM, GNM,",150000.0,150000.0,150000.0,150000.0,1
Stevedore (24*7),150000.0,150000.0,150000.0,150000.0,1
OFFICE EXECUTIVE,150000.0,150000.0,150000.0,150000.0,1
Customer Service Representative,150000.0,150000.0,150000.0,150000.0,1
Data Entry (Work From Office - Female- Fresher),150000.0,150000.0,150000.0,150000.0,1
Freshers - Content writter,150000.0,150000.0,150000.0,150000.0,1
Fresher software tester internship,150000.0,150000.0,150000.0,150000.0,1
Brand Promoter,150000.0,150000.0,150000.0,150000.0,1
Trainee IPQA,150000.0,150000.0,150000.0,150000.0,1
Site Supervisor,150000.0,150000.0,150000.0,150000.0,1
Data Entry Executive (delhi only),150000.0,150000.0,150000.0,150000.0,1
Graduate Student,150000.0,150000.0,150000.0,150000.0,1
Video Editor,149143.0,150000.0,42000.0,300000.0,7
HR Intern,120172.0,150000.0,54000.0,156516.0,3
Dues Coordinator intern,150000.0,150000.0,150000.0,150000.0,1
Trainee Application Support Executive (WFH),150000.0,150000.0,150000.0,150000.0,1
Management Trainee (Marketing)- Only Male Candidates,150000.0,150000.0,150000.0,150000.0,1
Data Validation Associate - Night Shift,150000.0,150000.0,150000.0,150000.0,1
Sales Representative,150000.0,150000.0,150000.0,150000.0,1
MBA Fresher,150000.0,150000.0,150000.0,150000.0,1
Fresher IT Software Training in Infopark,144000.0,144000.0,144000.0,144000.0,1
Document Scanning,144000.0,144000.0,144000.0,144000.0,1
Fashion Designer(Female) as a FASHION CONSULTANT for a Retail Store,144000.0,144000.0,144000.0,144000.0,1
Software Trainer,144000.0,144000.0,144000.0,144000.0,1
Facilitator,144000.0,144000.0,144000.0,144000.0,1
Café All Rounder/Barista/Tea House Chef,144000.0,144000.0,144000.0,144000.0,1
Accounts and HR Executive (Female Only),144000.0,144000.0,144000.0,144000.0,1
Data Digitization Executive,144000.0,144000.0,144000.0,144000.0,1
"Data Entry (Fresher), Tiruppur",144000.0,144000.0,144000.0,144000.0,1
Social Media Influencer,140007.0,140007.0,140007.0,140007.0,1
Renewals Executive,138000.0,138000.0,138000.0,138000.0,1
Internship JOB Opening for freshers,138000.0,138000.0,138000.0,138000.0,1
STUDY ABROAD Admission Process Associate,138000.0,138000.0,138000.0,138000.0,1
Hiring MBA Freshers,138000.0,138000.0,138000.0,138000.0,1
Fresher Mern Stack Developer,138000.0,138000.0,138000.0,138000.0,1
Lead Generation Executive,138000.0,138000.0,138000.0,138000.0,1
Telecaller Executive,138000.0,138000.0,138000.0,138000.0,1
Accounting Faculty,138000.0,138000.0,138000.0,138000.0,1
Bussiness Development Executive,138000.0,138000.0,138000.0,138000.0,1
Hiring Graduates,133200.0,133200.0,133200.0,133200.0,1
Medical Scribe,132000.0,132000.0,132000.0,132000.0,1
Fresher Full stack developer,132000.0,132000.0,132000.0,132000.0,1
Field Executive,132000.0,132000.0,132000.0,132000.0,1
Operator Trainee(Fresher),132000.0,132000.0,132000.0,132000.0,1
Receptionist (Female),132000.0,132000.0,132000.0,132000.0,1
Pizza hut- Team Member,126000.0,126000.0,126000.0,126000.0,2
Fresher Software engineer at Technopark,126000.0,126000.0,126000.0,126000.0,1
Vacancy for BA/BBA/BCA/BSc Fresher graduates,125000.0,125000.0,125000.0,125000.0,1
Stock Market Trader,125000.0,125000.0,125000.0,125000.0,1
Data Mining (Freshers from Nagpur Location Only),123000.0,123000.0,123000.0,123000.0,1
Tele Caller Executive,123000.0,123000.0,123000.0,123000.0,1
Office Assistant,131449.0,120516.0,90000.0,183831.0,3
For fresher(IT Sales),120001.0,120001.0,120001.0,120001.0,1
Immediate hiring for freshers,120000.0,120000.0,120000.0,120000.0,1
Helper - Male Only,120000.0,120000.0,120000.0,120000.0,1
Project Coordinator,120000.0,120000.0,120000.0,120000.0,1
Commis 3,120000.0,120000.0,120000.0,120000.0,1
DATA PROCESSING,120000.0,120000.0,120000.0,120000.0,1
Production Supervisor,120000.0,120000.0,120000.0,120000.0,1
Office Asistant,120000.0,120000.0,120000.0,120000.0,1
Digital Marketing Intern/Fresher,120000.0,120000.0,120000.0,120000.0,1
Summer Internship Programme,120000.0,120000.0,120000.0,120000.0,1
Hindi Content Writer Intern.,120000.0,120000.0,120000.0,120000.0,1
Billing Clerk,120000.0,120000.0,120000.0,120000.0,1
Trainee Store,120000.0,120000.0,120000.0,120000.0,1
Junior Business Analyst,120000.0,120000.0,120000.0,120000.0,1
Office Work Experience,120000.0,120000.0,120000.0,120000.0,1
Computer Faculty,120000.0,120000.0,120000.0,120000.0,1
System Analyst,120000.0,120000.0,120000.0,120000.0,1
Graphic Designer,115186.0,115186.0,115186.0,115186.0,1
Game Tester,114000.0,114000.0,114000.0,114000.0,1
HR Executive Fresher,111683.0,111683.0,111683.0,111683.0,1
Pick Packer,108000.0,108000.0,108000.0,108000.0,1
Wanted Freshers from Nagamalai Pudukottai and nearby areas,108000.0,108000.0,108000.0,108000.0,1
Marketing Intern,108000.0,108000.0,108000.0,108000.0,1
Computer staff - (Female) for kollam,108000.0,108000.0,108000.0,108000.0,1
Freelance Content Writer,108000.0,108000.0,108000.0,108000.0,1
freshers,102000.0,102000.0,102000.0,102000.0,1
Graphic Designer Internship,102000.0,102000.0,102000.0,102000.0,1
Research Analyst-(Entry level job for freshers),102000.0,102000.0,102000.0,102000.0,1
Sales Executive,97032.0,97032.0,97032.0,97032.0,1
Hardware trainee - Female Candidates only,96000.0,96000.0,96000.0,96000.0,1
Digital Marketing Internship,96000.0,96000.0,96000.0,96000.0,1
Content Creator Intern,90000.0,90000.0,90000.0,90000.0,1
Graphic Designer & Video Editor,90000.0,90000.0,90000.0,90000.0,1
Billing Manager,90000.0,90000.0,90000.0,90000.0,1
HR Internship,90000.0,90000.0,90000.0,90000.0,1
Intern - Computer Vision / Deep Learning,90000.0,90000.0,90000.0,90000.0,1
Digital Marketing Intern,80375.0,84000.0,3500.0,150000.0,4
Digital Marketing Executive,84000.0,84000.0,84000.0,84000.0,1
SEO Executive,78000.0,78000.0,78000.0,78000.0,1
Quality Analyst Intern,72000.0,72000.0,72000.0,72000.0,1
Trainee Digital Marketer,72000.0,72000.0,72000.0,72000.0,1
Computer Hardware & Networking Engineer,69000.0,69000.0,69000.0,69000.0,1
Media Intern (Admin & Teaching),66000.0,66000.0,66000.0,66000.0,1
Social Media Intern (Remote),59400.0,59400.0,59400.0,59400.0,1
Digital Marketing Fresher,54000.0,54000.0,54000.0,54000.0,1
Video Editing Intern,54000.0,54000.0,54000.0,54000.0,1
Freelance Contributor,42000.0,42000.0,42000.0,42000.0,1
Answerclub Knowledge contributor,37200.0,37200.0,37200.0,37200.0,1
Data Entry Intern,36000.0,36000.0,36000.0,36000.0,1
Cast Member,3000.0,3000.0,3000.0,3000.0,1
Online Mathematics Teacher,350.0,350.0,350.0,350.0,1
fb poster designer,180.0,180.0,180.0,180.0,1
Content Strategist & Writer,60.0,60.0,60.0,60.0,1
PACKING STAFF,35.0,35.0,35.0,35.0,1
Draftsman,9.0,9.0,9.0,9.0,1
