Job Title,Location,Salary,Monthly Salary,Locality,State,Annual_Salary,Monthly_Salary_Annual,Final_Salary
Robotics / STEM Trainer,"Indore, Madhya Pradesh","₹1,80,000 - ₹3,60,000 a year",270000.0,,Madhya Pradesh,270000.0,3240000.0,270000.0
"Teachers - Pre-Primary and Primary (English, Mathematics, EVS and Computers)","Pulivendla, Andhra Pradesh","₹20,000 - ₹30,000 a month",25000.0,,Andhra Pradesh,300000.0,300000.0,300000.0
College Student,Remote,"₹15,000 - ₹20,000 a month",17500.0,Remote,Remote,210000.0,210000.0,210000.0
Back Office Assistant,Remote,"₹14,678 - ₹22,689 a month",18683.5,Remote,Remote,224202.0,224202.0,224202.0
Customer Service Officer,Remote,"From ₹12,800 a month",,Remote,Remote,153600.0,,153600.0
Recruiter,Remote,"₹12,000 - ₹25,000 a month",18500.0,Remote,Remote,222000.0,222000.0,222000.0
Sales Advisor_ Work From Home,Remote,"₹10,000 - ₹25,000 a month",17500.0,Remote,Remote,210000.0,210000.0,210000.0
Junior Python Developer,"Kochi, Kerala","₹35,000 - ₹55,000 a month",45000.0,,Kerala,540000.0,540000.0,540000.0
Customer Support - Trainee,Remote,"₹3,00,000 - ₹6,00,000 a year",450000.0,Remote,Remote,450000.0,5400000.0,450000.0
Fresher KYC Verification Executive,"Indraprastha H.O, Delhi, Delhi","₹17,000 - ₹23,000 a month",20000.0,Indraprastha H.O,Delhi,240000.0,240000.0,240000.0
Trainee,"Powai, Mumbai, Maharashtra","₹4,00,000 - ₹6,00,000 a year",500000.0,Powai,Maharashtra,500000.0,6000000.0,500000.0
Chat Support Representative- Mohali,"Mohali, Punjab","₹30,000 - ₹35,000 a month",32500.0,,Punjab,390000.0,390000.0,390000.0
"Fresher (ITI , Diploma or Any Degree)","Erode, Tamil Nadu","₹12,000 - ₹15,000 a month",13500.0,,Tamil Nadu,162000.0,162000.0,162000.0
Python Intern Trainee,"Kulasegaram, Tamil Nadu","₹8,500 - ₹22,000 a month",15250.0,,Tamil Nadu,183000.0,183000.0,183000.0
Programmer Trainee,Remote,"From ₹2,71,362.01 a year",,Remote,Remote,271362.01,,271362.01
Quality Analyst,Remote,"₹2,80,000 - ₹3,50,000 a year",315000.0,Remote,Remote,315000.0,3780000.0,315000.0
Mega Walk-in drive Customer Service Representative- Fresher's,"Noida, Uttar Pradesh","₹13,000 - ₹17,000 a month",15000.0,,Uttar Pradesh,180000.0,180000.0,180000.0
Junior Data Scientist,"Bengaluru, Karnataka","₹2,50,000 - ₹5,00,000 a year",375000.0,,Karnataka,375000.0,4500000.0,375000.0
Document verification (office Fresher Applied Now),"Delhi Cantt, Delhi, Delhi","₹10,914.81 - ₹21,867.53 a month",16391.17,Delhi Cantt,Delhi,196694.03999999998,196694.03999999998,196694.03999999998
Internship JOB Opening for freshers,Remote,"₹8,000 - ₹15,000 a month",11500.0,Remote,Remote,138000.0,138000.0,138000.0
Consultant Doctor,"Tirupati, Andhra Pradesh","₹20,000 - ₹25,000 a month",22500.0,,Andhra Pradesh,270000.0,270000.0,270000.0
Back Office Assistant,"Pimpri-Chinchwad, Maharashtra","₹28,000 - ₹34,000 a month",31000.0,,Maharashtra,372000.0,372000.0,372000.0
Digital Marketing Intern,Remote,"₹10,000 - ₹15,000 a month",12500.0,Remote,Remote,150000.0,150000.0,150000.0
Fresher - Malayalam,"Coimbatore, Tamil Nadu","₹8,086.00 - ₹26,786.74 a month",17436.37,,Tamil Nadu,209236.44000000003,209236.44,209236.44000000003
Call Quality Analyst,"Bengaluru, Karnataka","₹4,00,000 - ₹5,00,000 a year",450000.0,,Karnataka,450000.0,5400000.0,450000.0
Social Media Manager,Remote,"From ₹32,000 a month",,Remote,Remote,384000.0,,384000.0
HR Assistant,"Madurai, Tamil Nadu","₹12,000 - ₹15,000 a month",13500.0,,Tamil Nadu,162000.0,162000.0,162000.0
Digital Marketing Intern,Remote,"₹2,000 - ₹5,000 a day",3500.0,Remote,Remote,3500.0,42000.0,3500.0
Hiring Freshers for Bangalore Location ( Budget upto 45k inhand),"Bengaluru, Karnataka","₹30,000 - ₹50,000 a month",40000.0,,Karnataka,480000.0,480000.0,480000.0
Phone Banking Officer,"Jaipur, Rajasthan","₹2,00,000 - ₹3,50,000 a year",275000.0,,Rajasthan,275000.0,3300000.0,275000.0
Content Creator,Remote,"₹30,000 - ₹60,000 a month",45000.0,Remote,Remote,540000.0,540000.0,540000.0
Social Media Manager,Remote,"₹11,347.87 - ₹43,137.86 a month",27242.865,Remote,Remote,326914.38,326914.38,326914.38
Amazon Advertising Executive,"Thrissur, Kerala","₹14,000 - ₹17,500 a month",15750.0,,Kerala,189000.0,189000.0,189000.0
Administration/Office Manager,"Thrissur, Kerala","₹15,000 - ₹25,000 a month",20000.0,,Kerala,240000.0,240000.0,240000.0
Draftsman,India,₹8 - ₹10 an hour,,India,India,9.0,,9.0
Documents verification,"Vadapalani, Chennai, Tamil Nadu","₹15,000 - ₹30,000 a month",22500.0,Vadapalani,Tamil Nadu,270000.0,270000.0,270000.0
E-Commerce works agency with Amazon PPC Ad management,Remote,"₹12,000.00 - ₹33,807.10 a month",22903.55,Remote,Remote,274842.6,274842.6,274842.6
Delivery Partner/Delivery Executive,"Manipala, Karnataka","₹20,000 - ₹45,000 a month",32500.0,,Karnataka,390000.0,390000.0,390000.0
Store & Purchase Executive,"Durgapur, West Bengal","₹20,000 - ₹40,000 a month",30000.0,,West Bengal,360000.0,360000.0,360000.0
Account Executive,"Muvattupuzha, Kerala","₹12,000 - ₹60,000 a month",36000.0,,Kerala,432000.0,432000.0,432000.0
Need female graduates to train school student in Bandel,"Hugli, West Bengal","₹15,000 - ₹18,000 a month",16500.0,,West Bengal,198000.0,198000.0,198000.0
Billing Executive,"Idukki, Kerala","₹15,000 - ₹21,000 a month",18000.0,,Kerala,216000.0,216000.0,216000.0
Hotel Management Trainee,"Kottayam, Kerala","₹20,000 - ₹30,000 a month",25000.0,,Kerala,300000.0,300000.0,300000.0
FACULTY WANTED - COMMERCE,"Pollachi, Tamil Nadu","₹18,000 - ₹45,000 a month",31500.0,,Tamil Nadu,378000.0,378000.0,378000.0
Project Manager,Remote,"From ₹25,000 a month",,Remote,Remote,300000.0,,300000.0
Editor,"Bengaluru, Karnataka","Up to ₹4,00,000 a year",,,Karnataka,400000.0,,400000.0
Front Office,"Kochi, Kerala","₹20,000 - ₹25,000 a month",22500.0,,Kerala,270000.0,270000.0,270000.0
RTO Executive,"Erode, Tamil Nadu","₹16,000 - ₹20,000 a month",18000.0,,Tamil Nadu,216000.0,216000.0,216000.0
HR Co-ordinator,"Thrissur, Kerala","₹12,000 - ₹15,000 a month",13500.0,,Kerala,162000.0,162000.0,162000.0
Video Editor,Remote,"₹5,000 - ₹7,000 a month",6000.0,Remote,Remote,72000.0,72000.0,72000.0
Delivery Partner/Delivery Executive,"Kochi, Kerala","₹15,000 - ₹45,000 a month",30000.0,,Kerala,360000.0,360000.0,360000.0
Fresher Software engineer at Technopark,"Thiruvananthapuram, Kerala","₹9,000 - ₹12,000 a month",10500.0,,Kerala,126000.0,126000.0,126000.0
Video Editing Intern,Remote,"₹4,000 - ₹5,000 a month",4500.0,Remote,Remote,54000.0,54000.0,54000.0
Google Ads Executive(fresher/experience),"Ambli, Ahmedabad, Gujarat","Up to ₹35,000 a month",,Ambli,Gujarat,420000.0,,420000.0
JET - Fresher Diploma Engineer(Mechanical/Fabrication/Production),"Surat, Gujarat","₹2,00,000 - ₹3,00,000 a year",250000.0,,Gujarat,250000.0,3000000.0,250000.0
tellecaller,"Shimla, Himachal Pradesh","₹18,569 - ₹27,467 a month",23018.0,,Himachal Pradesh,276216.0,276216.0,276216.0
Junior Business Analyst,"Udumalaippettai, Tamil Nadu","Up to ₹10,000 a month",,,Tamil Nadu,120000.0,,120000.0
Computer Faculty,Remote,"From ₹10,000 a month",,Remote,Remote,120000.0,,120000.0
Process Associate,"Bhubaneswar, Orissa","₹1,00,000 - ₹2,20,000 a year",160000.0,,Orissa,160000.0,1920000.0,160000.0
Fresher IT Software Training in Infopark,"Kochi, Kerala","₹9,000 - ₹15,000 a month",12000.0,,Kerala,144000.0,144000.0,144000.0
Hotel Management Trainee,"Thiruvananthapuram, Kerala","₹24,000 - ₹32,000 a month",28000.0,,Kerala,336000.0,336000.0,336000.0
Video Editor,Remote,"₹10,000 - ₹15,000 a month",12500.0,Remote,Remote,150000.0,150000.0,150000.0
Business Development Associate,"Bengaluru, Karnataka","₹4,50,000 - ₹5,00,000 a year",475000.0,,Karnataka,475000.0,5700000.0,475000.0
Hindi Content Writer Intern.,Remote,"₹10,000 a month",10000.0,Remote,Remote,120000.0,120000.0,120000.0
Digital Marketing Intern,Remote,"₹5,000 - ₹6,000 a month",5500.0,Remote,Remote,66000.0,66000.0,66000.0
Delivery Partner/Delivery Executive,"Mangalore, Karnataka","₹20,000 - ₹60,000 a month",40000.0,,Karnataka,480000.0,480000.0,480000.0
Social Media Intern (Remote),Remote,"₹4,900 - ₹5,000 a month",4950.0,Remote,Remote,59400.0,59400.0,59400.0
Summer Internship Programme,"Mohali, Punjab","From ₹10,000 a month",,,Punjab,120000.0,,120000.0
Wanted female office assistants,"Gandhipuram, Coimbatore, Tamil Nadu","From ₹17,000 a month",,Gandhipuram,Tamil Nadu,204000.0,,204000.0
UI/UX Freshers (2024),Remote,"₹5,00,000 a year",500000.0,Remote,Remote,500000.0,6000000.0,500000.0
Graphic Designer Internship,Remote,"₹7,000 - ₹10,000 a month",8500.0,Remote,Remote,102000.0,102000.0,102000.0
Digital Marketing Intern/Fresher,Delhi,"Up to ₹10,000 a month",,Delhi,Delhi,120000.0,,120000.0
Content Creator Intern,Remote,"₹5,000 - ₹10,000 a month",7500.0,Remote,Remote,90000.0,90000.0,90000.0
Document verification,"Nesapakkam, Chennai, Tamil Nadu","₹15,000 a month",15000.0,Nesapakkam,Tamil Nadu,180000.0,180000.0,180000.0
Digital Marketing Manager,Remote,"₹32,500 - ₹36,500 a month",34500.0,Remote,Remote,414000.0,414000.0,414000.0
Freshers - Delhi,"Delhi, Delhi","₹7,50,000 a year",750000.0,,Delhi,750000.0,9000000.0,750000.0
QA Engineer Fresher,"Pune, Maharashtra","₹20,000 - ₹30,000 a month",25000.0,,Maharashtra,300000.0,300000.0,300000.0
Social Media Intern,Remote,"₹8,086.00 - ₹22,129.77 a month",15107.885,Remote,Remote,181294.62,181294.62,181294.62
Receptionist Front Desk,"Delhi, Delhi","From ₹35,000 a month",,,Delhi,420000.0,,420000.0
Document verification fresher apply now,"Gurugram, Haryana","₹11,109.96 - ₹32,719.16 a month",21914.56,,Haryana,262974.72,262974.72000000003,262974.72
Technical Support Engineer,"Bengaluru, Karnataka","₹24,000 - ₹43,000 a month",33500.0,,Karnataka,402000.0,402000.0,402000.0
Fresher software tester internship,"Kochi, Kerala","₹10,000 - ₹15,000 a month",12500.0,,Kerala,150000.0,150000.0,150000.0
Graduate Student,"Kochi, Kerala","₹10,000 - ₹15,000 a month",12500.0,,Kerala,150000.0,150000.0,150000.0
Project Manager,"Madurai, Tamil Nadu","₹15,000 - ₹35,000 a month",25000.0,,Tamil Nadu,300000.0,300000.0,300000.0
Cyber Security Trainee,India,"₹20,000 a month",20000.0,India,India,240000.0,240000.0,240000.0
TRAINEE ENGINEER- NETWORK SECURITY,"Bengaluru, Karnataka","₹4,00,000 a year",400000.0,,Karnataka,400000.0,4800000.0,400000.0
IT fresher(Trainee engineer),"Bengaluru, Karnataka","₹2,50,000 - ₹3,00,000 a year",275000.0,,Karnataka,275000.0,3300000.0,275000.0
SEO Executive,Remote,"₹5,000 - ₹8,000 a month",6500.0,Remote,Remote,78000.0,78000.0,78000.0
Academic Advisor (Work from Home),"Perumbavoor, Kerala","₹12,000 - ₹25,000 a month",18500.0,,Kerala,222000.0,222000.0,222000.0
Research Analyst (Fresher),"Noida, Uttar Pradesh","₹3,50,000 a year",350000.0,,Uttar Pradesh,350000.0,4200000.0,350000.0
Social Media Manager,Remote,"₹6,500 - ₹17,000 a month",11750.0,Remote,Remote,141000.0,141000.0,141000.0
QA Fresher,"Ahmedabad, Gujarat","Up to ₹2,50,000 a year",,,Gujarat,250000.0,,250000.0
Google Ads Specialist,"Ahmedabad, Gujarat","₹4,00,000 - ₹7,00,000 a year",550000.0,,Gujarat,550000.0,6600000.0,550000.0
Alt-Text Writer - General,Remote,"₹20,000 - ₹25,000 a month",22500.0,Remote,Remote,270000.0,270000.0,270000.0
Accounts Assistant,"Pollachi, Tamil Nadu","From ₹15,000 a month",,,Tamil Nadu,180000.0,,180000.0
Graduate Trainee (full Time),Goa,"₹3,25,000 - ₹4,75,000 a year",400000.0,Goa,Goa,400000.0,4800000.0,400000.0
Voice Process Trainee,Remote,"₹10,000 - ₹25,000 a month",17500.0,Remote,Remote,210000.0,210000.0,210000.0
Quality Engineer Trainee,"Bommasandra Industrial Estate, Bengaluru, Karnataka","₹4,00,000 a year",400000.0,Bommasandra Industrial Estate,Karnataka,400000.0,4800000.0,400000.0
freshers,"Aruppukkottai, Tamil Nadu","₹7,000 - ₹10,000 a month",8500.0,,Tamil Nadu,102000.0,102000.0,102000.0
Finance Intern,Remote,"₹10,000 - ₹20,000 a month",15000.0,Remote,Remote,180000.0,180000.0,180000.0
HR Recruiter,Remote,"₹10,000 - ₹15,000 a month",12500.0,Remote,Remote,150000.0,150000.0,150000.0
Field Officer,"Kokrajhar, Assam","₹15,000 a month",15000.0,,Assam,180000.0,180000.0,180000.0
HR Executive Fresher,Remote,"From ₹9,306.88 a month",,Remote,Remote,111682.56,,111682.56
Jewel Data Entry,"Kavundampalayam, Coimbatore, Tamil Nadu","₹10,000 - ₹17,000 a month",13500.0,Kavundampalayam,Tamil Nadu,162000.0,162000.0,162000.0
Operations Co-ordinator,"Kottayam, Kerala","₹15,000 - ₹20,000 a month",17500.0,,Kerala,210000.0,210000.0,210000.0
Data Analyst,"Tambaram, Chennai, Tamil Nadu","₹18,000 - ₹36,000 a month",27000.0,Tambaram,Tamil Nadu,324000.0,324000.0,324000.0
Fresher opening for Manual Testing,"Ashapur, Varanasi, Uttar Pradesh","₹10,161.00 - ₹30,193.25 a month",20177.125,Ashapur,Uttar Pradesh,242125.5,242125.5,242125.5
Quality Analyst,"Kottivakkam, Chennai, Tamil Nadu","₹17,800 - ₹35,900 a month",26850.0,Kottivakkam,Tamil Nadu,322200.0,322200.0,322200.0
Production Fresher,"Chakan, Pune, Maharashtra","₹20,000 - ₹25,000 a month",22500.0,Chakan,Maharashtra,270000.0,270000.0,270000.0
GET (Graduate Engineer Trainee),"Bengaluru, Karnataka","₹1,00,000 - ₹1,20,000 a year",110000.0,,Karnataka,110000.0,1320000.0,110000.0
jewellery cad designer,Remote,"₹15,000 - ₹30,000 a month",22500.0,Remote,Remote,270000.0,270000.0,270000.0
Factory Helpers / Helpers,"Bengaluru, Karnataka","₹14,700 - ₹20,650 a month",17675.0,,Karnataka,212100.0,212100.0,212100.0
Data Analyst,"Saidapet, Chennai, Tamil Nadu","₹17,500 - ₹30,000 a month",23750.0,Saidapet,Tamil Nadu,285000.0,285000.0,285000.0
TEACHER,"Cannanore, Kerala","₹10,000 - ₹30,000 a month",20000.0,,Kerala,240000.0,240000.0,240000.0
Hybrid Mobile App Developer,"Kuzhittura, Tamil Nadu","₹8,000 - ₹35,000 a month",21500.0,,Tamil Nadu,258000.0,258000.0,258000.0
Digital and AI Marketing Service Executive,Remote,"₹25,000 - ₹60,000 a month",42500.0,Remote,Remote,510000.0,510000.0,510000.0
Freshers and Experience can apply,"Patan, Gujarat","₹12,000 - ₹35,000 a month",23500.0,,Gujarat,282000.0,282000.0,282000.0
Freelance Contributor,Remote,"₹2,000 - ₹5,000 a month",3500.0,Remote,Remote,42000.0,42000.0,42000.0
Freelance Recruiter,Remote,"Up to ₹42,000 a month",,Remote,Remote,504000.0,,504000.0
Customer Service Executive,"Whitefield, Bengaluru, Karnataka","₹2,50,000 - ₹3,80,000 a year",315000.0,Whitefield,Karnataka,315000.0,3780000.0,315000.0
Delivery Partner/Delivery Executive,"Madurai, Tamil Nadu","₹15,000 - ₹45,000 a month",30000.0,,Tamil Nadu,360000.0,360000.0,360000.0
Management Trainee,Remote,"₹5,00,000 - ₹8,00,000 a year",650000.0,Remote,Remote,650000.0,7800000.0,650000.0
Visa submission officer - Operations,"Puducherry, Puducherry","₹19,000 - ₹20,000 a month",19500.0,,Puducherry,234000.0,234000.0,234000.0
Drug Safety Associate,"Nashik, Maharashtra","₹28,086.00 - ₹40,714.29 a month",34400.145,,Maharashtra,412801.74000000005,412801.74,412801.74000000005
MEP Supervisor,"Chennai, Tamil Nadu","₹15,000 - ₹30,000 a month",22500.0,,Tamil Nadu,270000.0,270000.0,270000.0
Fresher Mern Stack Developer,"Kochi, Kerala","₹10,000 - ₹13,000 a month",11500.0,,Kerala,138000.0,138000.0,138000.0
Data Entry Operator/Computer Operator,"Thiruvananthapuram, Kerala","₹14,000 - ₹16,000 a month",15000.0,,Kerala,180000.0,180000.0,180000.0
Delivery Partner/Delivery Executive,"Thrissur, Kerala","₹15,000 - ₹45,000 a month",30000.0,,Kerala,360000.0,360000.0,360000.0
BCA Fresher,"Bellandur, Bengaluru, Karnataka","₹2,00,000 - ₹4,00,000 a year",300000.0,Bellandur,Karnataka,300000.0,3600000.0,300000.0
HR Internship,"Bengaluru, Karnataka","₹5,000 - ₹10,000 a month",7500.0,,Karnataka,90000.0,90000.0,90000.0
Research Associate,"Kharadi, Pune, Maharashtra","₹20,000 - ₹40,000 a month",30000.0,Kharadi,Maharashtra,360000.0,360000.0,360000.0
Jr. PHP Developer (Fresher with 3-6 months training in PHP),"Mohali, Punjab","₹10,000 - ₹25,000 a month",17500.0,,Punjab,210000.0,210000.0,210000.0
Service Engineer - Fresher (ITI or Diploma or Any Degree),"Hyderabad, Telangana","₹18,000 - ₹25,000 a month",21500.0,,Telangana,258000.0,258000.0,258000.0
MBA Fresher,"Dharwad District, Karnataka","₹10,000 - ₹15,000 a month",12500.0,,Karnataka,150000.0,150000.0,150000.0
Vacancy For Fresher - Nathdwara Rajasthan,"Rajsamand, Rajasthan","₹12,000 - ₹14,000 a month",13000.0,,Rajasthan,156000.0,156000.0,156000.0
Billing Manager,"Ramanathapuram, Tamil Nadu","₹6,500 - ₹8,500 a month",7500.0,,Tamil Nadu,90000.0,90000.0,90000.0
SALES & GODOWN WORK,"Thiruvarur, Tamil Nadu","₹15,000 - ₹25,000 a month",20000.0,,Tamil Nadu,240000.0,240000.0,240000.0
Business Development,Remote,"From ₹30,000 a month",,Remote,Remote,360000.0,,360000.0
Immediate hiring for freshers,"Coimbatore, Tamil Nadu","From ₹10,000 a month",,,Tamil Nadu,120000.0,,120000.0
HR Recruiter (IT/Non IT) Freshers,"Bengaluru, Karnataka","₹2,50,000 a year",250000.0,,Karnataka,250000.0,3000000.0,250000.0
Sales Executive- Freshers can apply,"Coimbatore, Tamil Nadu","₹15,000 - ₹20,000 a month",17500.0,,Tamil Nadu,210000.0,210000.0,210000.0
Data Mining (Freshers from Nagpur Location Only),"Nagpur, Maharashtra","₹8,500 - ₹12,000 a month",10250.0,,Maharashtra,123000.0,123000.0,123000.0
Power App Trainee (Freshers),"Thiruvananthapuram, Kerala","₹12,000 - ₹25,000 a month",18500.0,,Kerala,222000.0,222000.0,222000.0
Data Entry Operator Fresher,"Udyog Bhawan, Delhi, Delhi","₹16,000 - ₹20,000 a month",18000.0,Udyog Bhawan,Delhi,216000.0,216000.0,216000.0
Medical Biller - DME USA,"Delhi, Delhi","₹20,000 a month",20000.0,,Delhi,240000.0,240000.0,240000.0
Full Stack Development Intern,"Lucknow, Uttar Pradesh","Up to ₹3,00,000 a year",,,Uttar Pradesh,300000.0,,300000.0
Marketing Intern,"Ramanathapuram, Tamil Nadu","₹8,000 - ₹10,000 a month",9000.0,,Tamil Nadu,108000.0,108000.0,108000.0
Management Trainee- Investments & Life Insurance for Australian Shift (Vadodara Only),"Vadodara, Gujarat","₹17,000 - ₹30,000 a month",23500.0,,Gujarat,282000.0,282000.0,282000.0
Data entry fresher apply now,"Noida, Uttar Pradesh","₹9,121.02 - ₹36,967.77 a month",23044.395,,Uttar Pradesh,276532.74,276532.74,276532.74
Personal assistant,"Delhi, Delhi","₹30,000 - ₹35,000 a month",32500.0,,Delhi,390000.0,390000.0,390000.0
Greenpeace NGO - Fundraiser,"Bengaluru, Karnataka","₹27,000 - ₹30,000 a month",28500.0,,Karnataka,342000.0,342000.0,342000.0
Programmer,"Ashok Vihar, Delhi, Delhi","₹22,000 - ₹25,000 a month",23500.0,Ashok Vihar,Delhi,282000.0,282000.0,282000.0
Freshers - Content writter,"Chinna Chokkikulam, Madurai, Tamil Nadu","₹10,000 - ₹15,000 a month",12500.0,Chinna Chokkikulam,Tamil Nadu,150000.0,150000.0,150000.0
Service Engineer( Freshers can apply),"Coimbatore, Tamil Nadu","₹12,000 - ₹25,000 a month",18500.0,,Tamil Nadu,222000.0,222000.0,222000.0
Business Development Associate,"Bengaluru, Karnataka","₹18,000 - ₹28,000 a month",23000.0,,Karnataka,276000.0,276000.0,276000.0
Junior Software Engineer,"Chennai, Tamil Nadu","From ₹2,14,538.36 a year",,,Tamil Nadu,214538.36,,214538.36
Wanted Freshers from Nagamalai Pudukottai and nearby areas,"Madurai, Tamil Nadu","₹8,000 - ₹10,000 a month",9000.0,,Tamil Nadu,108000.0,108000.0,108000.0
Duty Officer,"Kochi, Kerala","₹18,000 - ₹23,000 a month",20500.0,,Kerala,246000.0,246000.0,246000.0
Front Office Executive,"Sholinghur, Tamil Nadu","From ₹16,000 a month",,,Tamil Nadu,192000.0,,192000.0
Fresher Operations Analyst (Construction),"Bengaluru, Karnataka","₹5,50,000 - ₹6,00,000 a year",575000.0,,Karnataka,575000.0,6900000.0,575000.0
Flutter Developer Intern,Remote,"₹13,192.39 - ₹62,082.66 a month",37637.525,Remote,Remote,451650.30000000005,451650.30000000005,451650.30000000005
Australian Accounting - Fresher,"Ahmedabad, Gujarat","₹15,000 - ₹50,000 a month",32500.0,,Gujarat,390000.0,390000.0,390000.0
Accounts Assistant,"Kollam, Kerala","₹12,000 - ₹15,000 a month",13500.0,,Kerala,162000.0,162000.0,162000.0
Trainee Application Support Executive (WFH),"Pune, Maharashtra","₹10,000 - ₹15,000 a month",12500.0,,Maharashtra,150000.0,150000.0,150000.0
Marketing Assistant,Remote,"₹15,000 - ₹20,000 a month",17500.0,Remote,Remote,210000.0,210000.0,210000.0
Ticketing Executive,"Kurukshetra, Haryana","₹10,000 - ₹22,000 a month",16000.0,,Haryana,192000.0,192000.0,192000.0
Software Trainee,"Chennai, Tamil Nadu","From ₹3,00,000 a year",,,Tamil Nadu,300000.0,,300000.0
Business Development Associate (BDA),"Peelamedu, Coimbatore, Tamil Nadu","₹12,000 - ₹25,000 a month",18500.0,Peelamedu,Tamil Nadu,222000.0,222000.0,222000.0
Student Counsellor,"Kochi, Kerala","₹15,000 - ₹30,000 a month",22500.0,,Kerala,270000.0,270000.0,270000.0
Cast Member,"Tenkasi, Tamil Nadu","₹1,000 - ₹5,000 a day",3000.0,,Tamil Nadu,3000.0,36000.0,3000.0
Accounts Assistant,"Borivali East, Mumbai, Maharashtra","₹10,000 - ₹20,000 a month",15000.0,Borivali East,Maharashtra,180000.0,180000.0,180000.0
Front Office,"Chamba, Himachal Pradesh","₹20,000 - ₹25,000 a month",22500.0,,Himachal Pradesh,270000.0,270000.0,270000.0
Germany Physiotherapist,"Noida, Uttar Pradesh","₹2,00,000 a month",200000.0,,Uttar Pradesh,2400000.0,2400000.0,2400000.0
Vacancy for BA/BBA/BCA/BSc Fresher graduates,"Baddi, Himachal Pradesh","₹1,00,000 - ₹1,50,000 a year",125000.0,,Himachal Pradesh,125000.0,1500000.0,125000.0
Pick Packer,"Pappanaickenpalayam, Coimbatore, Tamil Nadu","₹7,000 - ₹11,000 a month",9000.0,Pappanaickenpalayam,Tamil Nadu,108000.0,108000.0,108000.0
Office Work Experience,"Samastipur, Bihar","From ₹10,000 a month",,,Bihar,120000.0,,120000.0
Front Office Executives and Interns,"Kottayam, Kerala","From ₹22,000 a month",,,Kerala,264000.0,,264000.0
Cashier,"Perambalur, Tamil Nadu","From ₹15,000 a month",,,Tamil Nadu,180000.0,,180000.0
Commis 3,"Vasai, Maharashtra","₹8,000 - ₹12,000 a month",10000.0,,Maharashtra,120000.0,120000.0,120000.0
Academic Advisor - Female,"Kochi, Kerala","₹20,000 - ₹26,000 a month",23000.0,,Kerala,276000.0,276000.0,276000.0
Ai developer/intern,"Belgachia, Kolkata, West Bengal","₹30,000 - ₹60,000 a month",45000.0,Belgachia,West Bengal,540000.0,540000.0,540000.0
Accounts and HR Executive (Female Only),"Santacruz West, Mumbai, Maharashtra","Up to ₹12,000 a month",,Santacruz West,Maharashtra,144000.0,,144000.0
Diploma Trainee,"Chhati, Chhattisgarh","₹13,000 - ₹15,000 a month",14000.0,,Chhattisgarh,168000.0,168000.0,168000.0
Vacancy For Fresher Photography - Girnar Ropeway Gujarat,"Junagadh, Gujarat","₹12,000 - ₹14,000 a month",13000.0,,Gujarat,156000.0,156000.0,156000.0
"CS Management Trainee (Financial Planning & Investment) Job Location:- Vadodara, Gujarat Only","Vadodara, Gujarat","₹10,000 - ₹27,000 a month",18500.0,,Gujarat,222000.0,222000.0,222000.0
Life Insurance Advisor,"Cannanore, Kerala","₹25,000 - ₹50,000 a month",37500.0,,Kerala,450000.0,450000.0,450000.0
Cashier,"Kollam, Kerala","₹12,000 - ₹15,000 a month",13500.0,,Kerala,162000.0,162000.0,162000.0
Research Analyst-(Entry level job for freshers),"Mohali, Punjab","₹7,000 - ₹10,000 a month",8500.0,,Punjab,102000.0,102000.0,102000.0
Personal Assistant,"Jaipura, Rajasthan","₹20,000 - ₹30,000 a month",25000.0,,Rajasthan,300000.0,300000.0,300000.0
Education Consultant,"Kasaragod, Kerala","₹12,000 - ₹25,000 a month",18500.0,,Kerala,222000.0,222000.0,222000.0
Warehouse Incharge,"Payyannur, Kerala","₹20,000 - ₹28,000 a month",24000.0,,Kerala,288000.0,288000.0,288000.0
Accessories Incharge,"Alleppey, Kerala","₹14,000 - ₹18,000 a month",16000.0,,Kerala,192000.0,192000.0,192000.0
Brand Collaborator,"Hyderabad, Telangana","₹15,000 - ₹20,000 a month",17500.0,,Telangana,210000.0,210000.0,210000.0
Trainee Digital(Freshers - BSc/BCA/MCA),Remote,"Up to ₹15,000 a month",,Remote,Remote,180000.0,,180000.0
Medical Scribe,"Tenkasi, Tamil Nadu","₹10,000 - ₹12,000 a month",11000.0,,Tamil Nadu,132000.0,132000.0,132000.0
ATM Service Engineer,"Salem, Tamil Nadu","₹18,000 - ₹24,000 a month",21000.0,,Tamil Nadu,252000.0,252000.0,252000.0
Factory Incharge,"Thane, Maharashtra","₹40,000 - ₹65,000 a month",52500.0,,Maharashtra,630000.0,630000.0,630000.0
Machine Learning,"Noida, Uttar Pradesh","₹18,000 - ₹30,000 a month",24000.0,,Uttar Pradesh,288000.0,288000.0,288000.0
Off Campus Hiring for Fresher Batch 2023 - 24,"Mohali, Punjab","₹3,00,000 - ₹5,00,000 a year",400000.0,,Punjab,400000.0,4800000.0,400000.0
Helper - Male Only,"Coimbatore, Tamil Nadu","₹8,000 - ₹12,000 a month",10000.0,,Tamil Nadu,120000.0,120000.0,120000.0
Graphic Designer,"Palghat, Kerala","From ₹9,598.81 a month",,,Kerala,115185.72,,115185.72
Technical Executive,"Bengaluru, Karnataka","₹30,000 - ₹40,000 a month",35000.0,,Karnataka,420000.0,420000.0,420000.0
Teaching & non Teaching,"Bikaner, Rajasthan","From ₹20,000 a month",,,Rajasthan,240000.0,,240000.0
DMO,"Nizamabad, Telangana","₹40,000 - ₹50,000 a month",45000.0,,Telangana,540000.0,540000.0,540000.0
Personal Secretary,"Noida, Uttar Pradesh","₹75,000 - ₹80,000 a month",77500.0,,Uttar Pradesh,930000.0,930000.0,930000.0
Anchor,"Kochi, Kerala","₹15,000 - ₹25,000 a month",20000.0,,Kerala,240000.0,240000.0,240000.0
Software Trainer,"Todupulai, Kerala","From ₹12,000 a month",,,Kerala,144000.0,,144000.0
Modelling,"Delhi, Delhi","From ₹10,000 a day",,,Delhi,10000.0,,10000.0
Block Coordinator,"Kidwaipuri, Patna, Bihar","₹12,000 - ₹25,000 a month",18500.0,Kidwaipuri,Bihar,222000.0,222000.0,222000.0
Data Entry Operator/Computer Operator,"Raigarh, Chhattisgarh","₹10,000 - ₹20,000 a month",15000.0,,Chhattisgarh,180000.0,180000.0,180000.0
Graduate Trainee,"Bengaluru, Karnataka","₹9,000 a month",9000.0,,Karnataka,108000.0,108000.0,108000.0
Computer staff - (Female) for kollam,"Kollam, Kerala","₹8,000 - ₹10,000 a month",9000.0,,Kerala,108000.0,108000.0,108000.0
Assistant Professor,"Champa, Chhattisgarh","₹25,000 - ₹35,000 a month",30000.0,,Chhattisgarh,360000.0,360000.0,360000.0
Hubli - Fresh Graduates for English Ad Design,"Hubli, Karnataka","₹11,150 - ₹25,000 a month",18075.0,,Karnataka,216900.0,216900.0,216900.0
Sales Associate,"Dehradun, Uttarakhand","₹18,000 - ₹21,000 a month",19500.0,,Uttarakhand,234000.0,234000.0,234000.0
Media Intern (Admin & Teaching),"Nashik, Maharashtra","₹5,000 - ₹6,000 a month",5500.0,,Maharashtra,66000.0,66000.0,66000.0
Computer Operator,"Mandvi, Gujarat","₹12,000 - ₹15,000 a month",13500.0,,Gujarat,162000.0,162000.0,162000.0
Data entry operater,"Vadapalani, Chennai, Tamil Nadu","₹15,000 - ₹25,000 a month",20000.0,Vadapalani,Tamil Nadu,240000.0,240000.0,240000.0
Brand Collaborator,"Bengaluru, Karnataka","₹15,000 - ₹20,000 a month",17500.0,,Karnataka,210000.0,210000.0,210000.0
Admin,"Mysuru, Karnataka","Up to ₹20,000 a month",,,Karnataka,240000.0,,240000.0
Fresher Full stack developer,"Kottayam, Kerala","₹9,000 - ₹13,000 a month",11000.0,,Kerala,132000.0,132000.0,132000.0
Assistant Supervisor,"Rajender Nagar, Delhi, Delhi","₹16,000 - ₹21,000 a month",18500.0,Rajender Nagar,Delhi,222000.0,222000.0,222000.0
Assistant Store Keeper,"Aluva, Kerala","₹12,000 - ₹17,500 a month",14750.0,,Kerala,177000.0,177000.0,177000.0
Field Information Officer,"Bhubaneswar, Orissa","₹20,000 - ₹25,000 a month",22500.0,,Orissa,270000.0,270000.0,270000.0
IPQA Officer,"Kala Amb, Himachal Pradesh","From ₹20,000 a month",,,Himachal Pradesh,240000.0,,240000.0
Trainee Admission Officer,"Mysuru, Karnataka","₹3,00,000 - ₹6,00,000 a year",450000.0,,Karnataka,450000.0,5400000.0,450000.0
GET (Graduate Engineer Trainee),"Erode, Tamil Nadu","₹15,000 - ₹20,000 a month",17500.0,,Tamil Nadu,210000.0,210000.0,210000.0
QA Game Tester,"Pune District, Maharashtra","₹18,000 a month",18000.0,,Maharashtra,216000.0,216000.0,216000.0
For fresher(IT Sales),"Madurai, Tamil Nadu","Up to ₹1,20,000.53 a year",,,Tamil Nadu,120000.53,,120000.53
Junior Associate,"Mysuru, Karnataka","₹17,000 - ₹19,000 a month",18000.0,,Karnataka,216000.0,216000.0,216000.0
CAD Designer,"Ambattur, Chennai, Tamil Nadu","From ₹16,500 a month",,Ambattur,Tamil Nadu,198000.0,,198000.0
Behavioural Trainer- Fresher,"Bengaluru, Karnataka","₹18,000 - ₹20,000 a month",19000.0,,Karnataka,228000.0,228000.0,228000.0
Quality Analyst Intern,"Satellite, Ahmedabad, Gujarat","₹5,000 - ₹7,000 a month",6000.0,Satellite,Gujarat,72000.0,72000.0,72000.0
AR Caller Trainee,"Coimbatore, Tamil Nadu","Up to ₹50,000 a month",,,Tamil Nadu,600000.0,,600000.0
Pizzahut Team member,"Devanhalli, Karnataka","₹15,500 - ₹20,800 a month",18150.0,,Karnataka,217800.0,217800.0,217800.0
Document Scanning,"Moshi, Pune, Maharashtra","From ₹12,000 a month",,Moshi,Maharashtra,144000.0,,144000.0
"Proofreading, Quality Control & Copy Editing - Freshers Also Welcome","Coimbatore, Tamil Nadu","₹1,05,842.90 - ₹3,63,348.95 a year",234595.925,,Tamil Nadu,234595.925,2815151.0999999996,234595.925
Pharma Freshers,"Mumbai Central, Mumbai, Maharashtra","₹2,50,000 - ₹3,50,000 a month",300000.0,Mumbai Central,Maharashtra,3600000.0,3600000.0,3600000.0
Human Resource,"Lucknow, Uttar Pradesh","₹3,00,000 - ₹8,00,000 a year",550000.0,,Uttar Pradesh,550000.0,6600000.0,550000.0
Project Billing Specialist,"Shivaji Nagar, Pune, Maharashtra","₹18,000 - ₹25,000 a month",21500.0,Shivaji Nagar,Maharashtra,258000.0,258000.0,258000.0
Data Entry Intern,Remote,"₹2,000 - ₹4,000 a month",3000.0,Remote,Remote,36000.0,36000.0,36000.0
Management Trainee(Financial Planning & Investments) (Job location:- Vadodara Only),"Vadodara, Gujarat","₹18,000 - ₹45,000 a month",31500.0,,Gujarat,378000.0,378000.0,378000.0
Documentation(Freshers),"Kottayam, Kerala","Up to ₹18,000 a month",,,Kerala,216000.0,,216000.0
Bouncer,"Mumbai, Maharashtra","₹25,000 - ₹35,000 a month",30000.0,,Maharashtra,360000.0,360000.0,360000.0
MEDICAL REPRESENTATIVE VACANCY,"Bolpur, West Bengal","₹15,000 - ₹20,000 a month",17500.0,,West Bengal,210000.0,210000.0,210000.0
Programme Coordinator,"Kodungallur, Kerala","From ₹3,00,000 a year",,,Kerala,300000.0,,300000.0
Delivery Boy,"Kottayam, Kerala","₹15,000 - ₹25,000 a month",20000.0,,Kerala,240000.0,240000.0,240000.0
3D Modeling Artist,"Kazhakoottam, Thiruvananthapuram, Kerala","₹20,000 a month",20000.0,Kazhakoottam,Kerala,240000.0,240000.0,240000.0
Virtual Scribe Trainee,"Hubli, Karnataka","₹30,000 - ₹35,000 a month",32500.0,,Karnataka,390000.0,390000.0,390000.0
Delivery Partner/Delivery Executive,"Bengaluru, Karnataka","₹20,000 - ₹60,000 a month",40000.0,,Karnataka,480000.0,480000.0,480000.0
Data Analyst,"Chennai, Tamil Nadu","From ₹4,00,000 a year",,,Tamil Nadu,400000.0,,400000.0
Graduate Trainee,"Kochi, Kerala","₹15,000 - ₹20,000 a month",17500.0,,Kerala,210000.0,210000.0,210000.0
Data Entry Operator,"Nagercoil, Tamil Nadu","From ₹2,00,000 a year",,,Tamil Nadu,200000.0,,200000.0
Database Administrator,"Chennai, Tamil Nadu","₹19,457.51 - ₹71,405.55 a month",45431.53,,Tamil Nadu,545178.36,545178.36,545178.36
HR recruitment officer,"Tiruppur, Tamil Nadu","₹20,000 - ₹25,000 a month",22500.0,,Tamil Nadu,270000.0,270000.0,270000.0
Assisstant Resource Manager_Construction Projects,"Bengaluru, Karnataka","Up to ₹18,000 a month",,,Karnataka,216000.0,,216000.0
Data Entry Operator (DEO),"INDERLOK, Delhi, Delhi","₹10,720.27 - ₹21,705.17 a month",16212.72,INDERLOK,Delhi,194552.63999999998,194552.63999999998,194552.63999999998
Software Engineer Trainee,"Chennai, Tamil Nadu","₹3,60,000 - ₹4,00,000 a year",380000.0,,Tamil Nadu,380000.0,4560000.0,380000.0
Hiring Graduates,"Tiruchchirappalli, Tamil Nadu","₹11,000 - ₹11,200 a month",11100.0,,Tamil Nadu,133200.0,133200.0,133200.0
HR Trainee,"Pune, Maharashtra","₹2,00,000 - ₹3,50,000 a month",275000.0,,Maharashtra,3300000.0,3300000.0,3300000.0
Social Media Influencer,Remote,"₹9,334.49 - ₹14,000.00 a month",11667.245,Remote,Remote,140006.94,140006.94,140006.94
HR TRAINEE,"Calicut, Kerala","₹15,000 - ₹18,000 a month",16500.0,,Kerala,198000.0,198000.0,198000.0
JOB DRIVE @ Trivandrum,"Thiruvananthapuram, Kerala","₹15,000 - ₹35,000 a month",25000.0,,Kerala,300000.0,300000.0,300000.0
Store Officer,"Todupulai, Kerala","₹10,000 - ₹20,000 a month",15000.0,,Kerala,180000.0,180000.0,180000.0
General Manager,"Erode, Tamil Nadu","₹15,000 - ₹25,000 a month",20000.0,,Tamil Nadu,240000.0,240000.0,240000.0
Billing Clerk,"Ganapathi, Coimbatore, Tamil Nadu","₹8,000 - ₹12,000 a month",10000.0,Ganapathi,Tamil Nadu,120000.0,120000.0,120000.0
Brand Promoter,"Edapalli, Kerala","₹5,000 - ₹20,000 a month",12500.0,,Kerala,150000.0,150000.0,150000.0
Vacancy for Fresher Graduate 8O13927285,"Maldah, West Bengal","₹15,000 - ₹20,000 a month",17500.0,,West Bengal,210000.0,210000.0,210000.0
Diploma Trainee,"Hubli, Karnataka","₹16,000 - ₹20,000 a month",18000.0,,Karnataka,216000.0,216000.0,216000.0
Data Entry (Work From Office - Female- Fresher),"Chennai, Tamil Nadu","₹10,000 - ₹15,000 a month",12500.0,,Tamil Nadu,150000.0,150000.0,150000.0
Customer Success Associate,Remote,"₹15,000 a month",15000.0,Remote,Remote,180000.0,180000.0,180000.0
Quality Analyst Fresher,"Sanjeeva Reddy Nagar, Hyderabad, Telangana","₹18,000 - ₹25,000 a month",21500.0,Sanjeeva Reddy Nagar,Telangana,258000.0,258000.0,258000.0
Application Developer,"Perungudi, Chennai, Tamil Nadu","From ₹18,870 a month",,Perungudi,Tamil Nadu,226440.0,,226440.0
Ticketing Executive,"Nagpur, Maharashtra","₹8,000 - ₹20,000 a month",14000.0,,Maharashtra,168000.0,168000.0,168000.0
Delivery Executive/Delivery Partner,Delhi,"₹18,000 - ₹35,000 a month",26500.0,Delhi,Delhi,318000.0,318000.0,318000.0
Fresher Data Entry Operator (DEO),"JNU New Campus, Delhi, Delhi","₹13,200 - ₹19,000 a month",16100.0,JNU New Campus,Delhi,193200.0,193200.0,193200.0
Adonis Manufacturing Pvt Ltd ( Freshers Hiring Permanent ),"Sriperumpudur, Chennai, Tamil Nadu","₹15,000 - ₹20,000 a month",17500.0,Sriperumpudur,Tamil Nadu,210000.0,210000.0,210000.0
Sales Executive,"Dehradun, Uttarakhand","From ₹8,086 a month",,,Uttarakhand,97032.0,,97032.0
Billing Executive,"Gopichettipalaiyam, Tamil Nadu","₹12,000 - ₹15,000 a month",13500.0,,Tamil Nadu,162000.0,162000.0,162000.0
Research Assistant,"Nagercoil, Tamil Nadu","₹1,44,000 - ₹1,80,000 a year",162000.0,,Tamil Nadu,162000.0,1944000.0,162000.0
Regional Language Content Writer (On-site Job),"Noida, Uttar Pradesh","₹18,000 - ₹25,000 a month",21500.0,,Uttar Pradesh,258000.0,258000.0,258000.0
Hiring MBA Freshers,"Kochi, Kerala","₹5,000 - ₹18,000 a month",11500.0,,Kerala,138000.0,138000.0,138000.0
Management Trainee,"Mumbai, Maharashtra","₹5,00,000 - ₹7,00,000 a year",600000.0,,Maharashtra,600000.0,7200000.0,600000.0
Manager Tumble Dry,"Ambattur, Chennai, Tamil Nadu","₹13,000 - ₹20,000 a month",16500.0,Ambattur,Tamil Nadu,198000.0,198000.0,198000.0
Public Relations Coordinator,"Kochi, Kerala","₹20,000 - ₹50,000 a month",35000.0,,Kerala,420000.0,420000.0,420000.0
Trainee - Digital,Remote,"Up to ₹15,000 a month",,Remote,Remote,180000.0,,180000.0
Hindi Tele sale Voice Process. Jayanagar Bangalore- Only Fresher,"Jayanagar, Bengaluru, Karnataka","₹18,000 - ₹25,000 a month",21500.0,Jayanagar,Karnataka,258000.0,258000.0,258000.0
Data Entry Executive,Remote,"₹10,203.72 - ₹35,311.73 a month",22757.725,Remote,Remote,273092.7,273092.69999999995,273092.7
Fire Engineer (Fresher),"Kochi, Kerala","₹40,000 - ₹60,000 a month",50000.0,,Kerala,600000.0,600000.0,600000.0
Hiring Freshers ! AR Trainee -RCM,"Kochi, Kerala","₹9,831.16 - ₹20,000.00 a month",14915.58,,Kerala,178986.96,178986.96,178986.96
Multimedia Educator fresher,Delhi,"₹2,00,000 - ₹3,00,000 a year",250000.0,Delhi,Delhi,250000.0,3000000.0,250000.0
STATE BANK OF INDIA,"Puducherry, Puducherry","₹13,000 - ₹18,000 a month",15500.0,,Puducherry,186000.0,186000.0,186000.0
Managers,"Kochi, Kerala","₹25,000 - ₹60,000 a month",42500.0,,Kerala,510000.0,510000.0,510000.0
Store Keeper,"Kochi, Kerala","₹15,000 - ₹17,000 a month",16000.0,,Kerala,192000.0,192000.0,192000.0
Data Processor - Business Analytics,"Technopark, Thiruvananthapuram, Kerala","₹20,000 - ₹40,000 a month",30000.0,Technopark,Kerala,360000.0,360000.0,360000.0
Territory Sales Officer (Pathanamthitta),"Pathanamthitta, Kerala","₹3,00,000 - ₹4,00,000 a year",350000.0,,Kerala,350000.0,4200000.0,350000.0
Fresher-BCOM,"Delhi, Delhi","₹15,000 - ₹20,000 a month",17500.0,,Delhi,210000.0,210000.0,210000.0
Management Trainee (Marketing)- Only Male Candidates,"Pathanamthitta, Kerala","₹10,000 - ₹15,000 a month",12500.0,,Kerala,150000.0,150000.0,150000.0
Fresher hiring for BDE role,"Chennai, Tamil Nadu","₹3,00,000 - ₹4,50,000 a year",375000.0,,Tamil Nadu,375000.0,4500000.0,375000.0
HR Trainee,"Edappal, Kerala","₹8,000 - ₹10,000 a month",9000.0,,Kerala,108000.0,108000.0,108000.0
Student Counsellor,"Bengaluru, Karnataka","₹30,000 - ₹45,000 a month",37500.0,,Karnataka,450000.0,450000.0,450000.0
OFFICE EXECUTIVE,"Barddhaman, West Bengal","₹10,000 - ₹15,000 a month",12500.0,,West Bengal,150000.0,150000.0,150000.0
Delivery Executive,"Nemmara, Kerala","₹12,500 - ₹25,000 a month",18750.0,,Kerala,225000.0,225000.0,225000.0
State Bank Of India ( BRE Cards },"Partibanur, Tamil Nadu","₹15,000 - ₹19,000 a month",17000.0,,Tamil Nadu,204000.0,204000.0,204000.0
Community Manager,"Noida, Uttar Pradesh","₹20,000 - ₹25,000 a month",22500.0,,Uttar Pradesh,270000.0,270000.0,270000.0
Data Entry Officer,"Pimpri-Chinchwad, Maharashtra","₹10,162.39 - ₹35,027.08 a month",22594.735,,Maharashtra,271136.82,271136.82,271136.82
Production Coordinator,"Mundakayam, Kerala","Up to ₹15,000 a month",,,Kerala,180000.0,,180000.0
Trainee - Operations (IP Services),"Calicut, Kerala","₹1,80,000 - ₹2,50,000 a year",215000.0,,Kerala,215000.0,2580000.0,215000.0
Business Development Executive (BDE),"Dwarka, Delhi, Delhi","From ₹30,000 a month",,Dwarka,Delhi,360000.0,,360000.0
Medical Representatve for OPD Camps (Bengaluru),"Bengaluru, Karnataka","₹20,000 - ₹22,000 a month",21000.0,,Karnataka,252000.0,252000.0,252000.0
Assistant Supervisor,"Kolkata, West Bengal","₹15,000 - ₹25,000 a month",20000.0,,West Bengal,240000.0,240000.0,240000.0
PACKING STAFF,"Calicut, Kerala",From ₹35 an hour,,,Kerala,35.0,,35.0
Accountant Trainee,"Thrissur, Kerala","₹14,000 - ₹16,000 a month",15000.0,,Kerala,180000.0,180000.0,180000.0
Delivery executive,"Venjaramudu, Kerala","₹15,000 - ₹30,000 a month",22500.0,,Kerala,270000.0,270000.0,270000.0
Category Head - Mobile,"Chinnamanur, Tamil Nadu","₹20,000 - ₹25,000 a month",22500.0,,Tamil Nadu,270000.0,270000.0,270000.0
Hindi speaking Receptionist,"Anna Nagar Western Extn, Chennai, Tamil Nadu","₹10,000 - ₹20,000 a month",15000.0,Anna Nagar Western Extn,Tamil Nadu,180000.0,180000.0,180000.0
Game Tester,"Mira Road, Mumbai, Maharashtra","₹9,000 - ₹10,000 a month",9500.0,Mira Road,Maharashtra,114000.0,114000.0,114000.0
Content Creator,Remote,"Up to ₹5,000 a month",,Remote,Remote,60000.0,,60000.0
Technical Trainer,"Mohali, Punjab","₹40,000 - ₹1,20,000 a month",80000.0,,Punjab,960000.0,960000.0,960000.0
Bank Follow Up Officer (sme),"Kochi, Kerala","From ₹15,000 a month",,,Kerala,180000.0,,180000.0
Computer Operator,"Morbi, Gujarat","₹10,000 - ₹30,000 a month",20000.0,,Gujarat,240000.0,240000.0,240000.0
Management Trainee,"Mayur Vihar, Delhi, Delhi","₹2,50,000 a year",250000.0,Mayur Vihar,Delhi,250000.0,3000000.0,250000.0
HR Assistant,"Thrissur, Kerala","₹11,000 - ₹13,000 a month",12000.0,,Kerala,144000.0,144000.0,144000.0
Accountant (Tally),"Mysuru, Karnataka","₹15,000 - ₹30,000 a month",22500.0,,Karnataka,270000.0,270000.0,270000.0
Answerclub Knowledge contributor,Remote,"₹1,200 - ₹5,000 a month",3100.0,Remote,Remote,37200.0,37200.0,37200.0
Field Collection Executive,"Haripad, Kerala","₹12,000 - ₹30,000 a month",21000.0,,Kerala,252000.0,252000.0,252000.0
Graphic Designer & Video Editor,Remote,"₹5,000 - ₹10,000 a month",7500.0,Remote,Remote,90000.0,90000.0,90000.0
Calibration Engineer(fresher),"Ambli, Ahmedabad, Gujarat","Up to ₹35,000 a month",,Ambli,Gujarat,420000.0,,420000.0
Office Asistant,"Pollachi, Tamil Nadu","From ₹10,000 a month",,,Tamil Nadu,120000.0,,120000.0
Collection Executive,"Muvattupuzha, Kerala","₹19,500 - ₹24,000 a month",21750.0,,Kerala,261000.0,261000.0,261000.0
Trainee Engineer,"Rudarpur, Uttarakhand","₹20,000 - ₹30,000 a month",25000.0,,Uttarakhand,300000.0,300000.0,300000.0
Front Office Manager,"Pathanamthitta, Kerala","₹10,000 - ₹20,000 a month",15000.0,,Kerala,180000.0,180000.0,180000.0
Data Digitization Executive,"Poojappura, Thiruvananthapuram, Kerala","Up to ₹12,000 a month",,Poojappura,Kerala,144000.0,,144000.0
Freshers Walk-In (Autocad),"Yelahanka, Bengaluru, Karnataka","₹15,000 - ₹20,000 a month",17500.0,Yelahanka,Karnataka,210000.0,210000.0,210000.0
Business Development Associate,"Kochi, Kerala","₹20,000 - ₹45,000 a month",32500.0,,Kerala,390000.0,390000.0,390000.0
System Analyst,"Coimbatore, Tamil Nadu","₹8,000 - ₹12,000 a month",10000.0,,Tamil Nadu,120000.0,120000.0,120000.0
Project Coordinator,"Mundakayam, Kerala","Up to ₹10,000 a month",,,Kerala,120000.0,,120000.0
Internship to Job Program - JS Developer,"Delhi, Delhi","₹5,000 - ₹25,000 a month",15000.0,,Delhi,180000.0,180000.0,180000.0
Cyber Security Trainer,"Laxmi Nagar, Delhi, Delhi","₹6,00,000 a year",600000.0,Laxmi Nagar,Delhi,600000.0,7200000.0,600000.0
Site Supervisor,"Kottayam, Kerala","₹10,000 - ₹15,000 a month",12500.0,,Kerala,150000.0,150000.0,150000.0
Associate: Supply Chain Team,"Bengaluru, Karnataka","₹2,40,000 - ₹2,80,000 a year",260000.0,,Karnataka,260000.0,3120000.0,260000.0
Assistant/Associate /Professors,"Pollachi, Tamil Nadu","₹30,000 - ₹1,00,000 a month",65000.0,,Tamil Nadu,780000.0,780000.0,780000.0
Branch Accountant,"Kochi, Kerala","₹12,000 - ₹18,000 a month",15000.0,,Kerala,180000.0,180000.0,180000.0
Jewellery Sales Assistant,"Virudunagar, Tamil Nadu","From ₹15,000 a month",,,Tamil Nadu,180000.0,,180000.0
Hotel Operations Manager,"Varkkallai, Kerala","₹15,000 - ₹20,000 a month",17500.0,,Kerala,210000.0,210000.0,210000.0
Video Editor,Remote,"₹5,000 - ₹20,000 a month",12500.0,Remote,Remote,150000.0,150000.0,150000.0
WANTED FRESHERS FOR OFFICE WORK,"Saravanampatti, Coimbatore, Tamil Nadu","₹13,500 - ₹16,500 a month",15000.0,Saravanampatti,Tamil Nadu,180000.0,180000.0,180000.0
Electrical Technician,"Sion, Mumbai, Maharashtra","₹15,000 - ₹25,000 a month",20000.0,Sion,Maharashtra,240000.0,240000.0,240000.0
Asst. Purchase Manager,"Calicut, Kerala","₹15,000 - ₹25,000 a month",20000.0,,Kerala,240000.0,240000.0,240000.0
Stevedore (24*7),"Tuticorin, Tamil Nadu","₹10,000 - ₹15,000 a month",12500.0,,Tamil Nadu,150000.0,150000.0,150000.0
Digital Marketing Intern,Remote,"₹7,000 - ₹10,000 a month",8500.0,Remote,Remote,102000.0,102000.0,102000.0
System Officer,"Chengannur, Kerala","₹13,000 - ₹15,000 a month",14000.0,,Kerala,168000.0,168000.0,168000.0
LaTeX Research Documents Editor,"Cannanore, Kerala","₹15,000 - ₹20,000 a month",17500.0,,Kerala,210000.0,210000.0,210000.0
Office Executive Fresher,"Mayur Vihar, Delhi, Delhi","₹16,500 - ₹22,500 a month",19500.0,Mayur Vihar,Delhi,234000.0,234000.0,234000.0
Knitting Specialist,"Palsana, Surat, Gujarat","₹30,000 - ₹40,000 a month",35000.0,Palsana,Gujarat,420000.0,420000.0,420000.0
Tele Caller (English - WFH),Remote,"₹8,086.00 - ₹29,639.40 a month",18862.7,Remote,Remote,226352.40000000002,226352.40000000002,226352.40000000002
Junior Process Associate (Voice Process),"Coimbatore, Tamil Nadu","Up to ₹18,000 a month",,,Tamil Nadu,216000.0,,216000.0
Accountant,"Devanhalli, Karnataka","₹12,000 - ₹15,000 a month",13500.0,,Karnataka,162000.0,162000.0,162000.0
fb poster designer,Remote,₹180 a day,180.0,Remote,Remote,180.0,2160.0,180.0
Manual Tester,"Pallavaram, Chennai, Tamil Nadu","₹16,000 - ₹34,000 a month",25000.0,Pallavaram,Tamil Nadu,300000.0,300000.0,300000.0
Video Editor,Remote,"₹20,000 - ₹30,000 a month",25000.0,Remote,Remote,300000.0,300000.0,300000.0
Operator Trainee(Fresher),"Kangayam, Tamil Nadu","₹10,000 - ₹12,000 a month",11000.0,,Tamil Nadu,132000.0,132000.0,132000.0
Supervisor,Remote,"From ₹15,000 a month",,Remote,Remote,180000.0,,180000.0
Dog Walker,"Saket, Delhi, Delhi","₹11,000 - ₹18,000 a month",14500.0,Saket,Delhi,174000.0,174000.0,174000.0
Wedding Album Designers in Trivandrum,"Kariavattom, Thiruvananthapuram, Kerala","₹5,000 - ₹25,000 a month",15000.0,Kariavattom,Kerala,180000.0,180000.0,180000.0
BE/ ME Freshers,"Nagercoil, Tamil Nadu","₹10,000 - ₹16,000 a month",13000.0,,Tamil Nadu,156000.0,156000.0,156000.0
"Jio point manager in uluthurpet,madapattu, Kandachipuram, Vikravandi, Valavanur, Villupuram","Villupuram, Tamil Nadu","₹22,000 a month",22000.0,,Tamil Nadu,264000.0,264000.0,264000.0
Academic Consultant,"Kochi, Kerala","₹12,000 - ₹20,000 a month",16000.0,,Kerala,192000.0,192000.0,192000.0
Delivery Executive/Delivery Partner,"Dehradun, Uttarakhand","₹18,000 - ₹35,000 a month",26500.0,,Uttarakhand,318000.0,318000.0,318000.0
Video Editor,Remote,"₹3,000 - ₹4,000 a month",3500.0,Remote,Remote,42000.0,42000.0,42000.0
Delivery Assistant,"Gulbarga, Karnataka","₹12,847 a month",12847.0,,Karnataka,154164.0,154164.0,154164.0
HR Intern,Remote,"₹10,000 - ₹15,000 a month",12500.0,Remote,Remote,150000.0,150000.0,150000.0
Document Verification Executive Fresher,"Ghitorni, Delhi, Delhi","₹14,500 a month",14500.0,Ghitorni,Delhi,174000.0,174000.0,174000.0
Back Office Executive,"Pimpri-Chinchwad, Maharashtra","₹25,000 - ₹28,000 a month",26500.0,,Maharashtra,318000.0,318000.0,318000.0
Fresh Graduate,"Noida, Uttar Pradesh","₹15,000 - ₹25,000 a month",20000.0,,Uttar Pradesh,240000.0,240000.0,240000.0
OT Assistant,"Tiruppur, Tamil Nadu","₹15,000 - ₹20,000 a month",17500.0,,Tamil Nadu,210000.0,210000.0,210000.0
Pizza hut- Team Member,"Pattom, Thiruvananthapuram, Kerala","Up to ₹10,500 a month",,Pattom,Kerala,126000.0,,126000.0
Graphic Designer - Amazon Products Lifestyle & Infographics,"Thiruvananthapuram, Kerala","₹15,000 - ₹20,000 a month",17500.0,,Kerala,210000.0,210000.0,210000.0
Dues Coordinator intern,"Chennai, Tamil Nadu","₹10,000 - ₹15,000 a month",12500.0,,Tamil Nadu,150000.0,150000.0,150000.0
Google Ads Executive(fresher/experience),"Ambli, Ahmedabad, Gujarat","Up to ₹55,000 a month",,Ambli,Gujarat,660000.0,,660000.0
Medical Scribe Trainee,Remote,"₹35,000 a month",35000.0,Remote,Remote,420000.0,420000.0,420000.0
Hardware trainee - Female Candidates only,"Erode, Tamil Nadu","From ₹8,000 a month",,,Tamil Nadu,96000.0,,96000.0
Trainee - Human Resource,"Rajarajeshwari Nagar, Bengaluru, Karnataka","From ₹25,000 a month",,Rajarajeshwari Nagar,Karnataka,300000.0,,300000.0
Cinematography,"Koramangala VI Bk, Bengaluru, Karnataka","₹3,19,486.86 - ₹15,60,207.49 a year",939847.175,Koramangala VI Bk,Karnataka,939847.175,11278166.100000001,939847.175
Programmers,"Bengaluru, Karnataka","₹15,000 - ₹25,000 a month",20000.0,,Karnataka,240000.0,240000.0,240000.0
Digital Marketing Fresher,"Kochi, Kerala","₹3,000 - ₹6,000 a month",4500.0,,Kerala,54000.0,54000.0,54000.0
Sales Supervisor,"Thrissur, Kerala","₹18,000 - ₹21,000 a month",19500.0,,Kerala,234000.0,234000.0,234000.0
QC Officer,"Kala Amb, Himachal Pradesh","Up to ₹30,000 a month",,,Himachal Pradesh,360000.0,,360000.0
Soil and Rock testing assistant,"Ghaziabad, Uttar Pradesh","From ₹15,000 a month",,,Uttar Pradesh,180000.0,,180000.0
Office Associate,"Amravati, Maharashtra","₹11,000 - ₹18,000 a month",14500.0,,Maharashtra,174000.0,174000.0,174000.0
Chartered Accountant/Semi Qualified / ICWA(CMA)/CS,"Ram Nagar, Nagpur, Maharashtra","₹4,00,000 - ₹8,00,000 a year",600000.0,Ram Nagar,Maharashtra,600000.0,7200000.0,600000.0
Network and hardware trainee,"Bommasandra Industrial Estate, Bengaluru, Karnataka","₹3,50,000 a year",350000.0,Bommasandra Industrial Estate,Karnataka,350000.0,4200000.0,350000.0
Call Coordinator,"Bengaluru, Karnataka","₹3,00,000 a year",300000.0,,Karnataka,300000.0,3600000.0,300000.0
Worked as teacher,"Pratap Nagar, Jaipur, Rajasthan","₹15,000 - ₹30,000 a month",22500.0,Pratap Nagar,Rajasthan,270000.0,270000.0,270000.0
Wanted Delivery Executive Boys / Girls,"Mavelikara, Kerala","₹15,000 - ₹35,000 a month",25000.0,,Kerala,300000.0,300000.0,300000.0
Team Member (QSR),"Bengaluru, Karnataka","₹14,000 - ₹15,000 a month",14500.0,,Karnataka,174000.0,174000.0,174000.0
Receptionist & telecaller,"Pattom, Thiruvananthapuram, Kerala","₹12,000 - ₹15,000 a month",13500.0,Pattom,Kerala,162000.0,162000.0,162000.0
Content Creator,"Andheri West, Mumbai, Maharashtra","₹50,000 - ₹75,000 a month",62500.0,Andheri West,Maharashtra,750000.0,750000.0,750000.0
Department Supervisor,"Salem, Tamil Nadu","₹18,000 - ₹25,000 a month",21500.0,,Tamil Nadu,258000.0,258000.0,258000.0
Team Leader - Operations,"Pimpri-Chinchwad, Maharashtra","₹2,51,888.70 - ₹10,98,536.95 a year",675212.825,,Maharashtra,675212.825,8102553.899999999,675212.825
Corporate Relationship Manager,"Delhi, Delhi","₹20,000 - ₹50,000 a month",35000.0,,Delhi,420000.0,420000.0,420000.0
Female Visa Filing Officer,"Chandigarh, Chandigarh","From ₹15,000 a month",,,Chandigarh,180000.0,,180000.0
Receptionist,"Kanpur, Uttar Pradesh","₹1,20,000 - ₹2,50,000 a year",185000.0,,Uttar Pradesh,185000.0,2220000.0,185000.0
E-Commerce Manager,"Tiruppur, Tamil Nadu","₹10,392.40 - ₹37,891.97 a month",24142.185,,Tamil Nadu,289706.22000000003,289706.22000000003,289706.22000000003
Residential Tutor,"Palghat, Kerala","₹15,784.80 - ₹25,655.16 a month",20719.98,,Kerala,248639.76,248639.76,248639.76
Team Member,"Kolkata, West Bengal","₹8,460.63 - ₹21,434.27 a month",14947.45,,West Bengal,179369.40000000002,179369.40000000002,179369.40000000002
CRE and Agency leader,"Tiruppur, Tamil Nadu","Up to ₹5,50,000 a year",,,Tamil Nadu,550000.0,,550000.0
Service Advisor,"Tirur, Kerala","₹15,000 - ₹20,000 a month",17500.0,,Kerala,210000.0,210000.0,210000.0
Data Validation Associate - Night Shift,Remote,"₹10,000 - ₹15,000 a month",12500.0,Remote,Remote,150000.0,150000.0,150000.0
Education Counsellor,"Sai Baba Colony, Coimbatore, Tamil Nadu","₹20,000 - ₹40,000 a month",30000.0,Sai Baba Colony,Tamil Nadu,360000.0,360000.0,360000.0
Assistant Supervisor,"Greater Noida, Uttar Pradesh","₹15,000 - ₹20,000 a month",17500.0,,Uttar Pradesh,210000.0,210000.0,210000.0
Logistics Trainee,"Kochi, Kerala","₹12,000 - ₹14,000 a month",13000.0,,Kerala,156000.0,156000.0,156000.0
Digital Marketing Internship,"Thiruvananthapuram, Kerala","From ₹8,000 a month",,,Kerala,96000.0,,96000.0
Data Entry Operator - Production,"Silvassa, Dadra and Nagar Haveli","₹15,000 - ₹20,000 a month",17500.0,,Dadra and Nagar Haveli,210000.0,210000.0,210000.0
Assistant Supervisor,Remote,"₹15,000 - ₹20,000 a month",17500.0,Remote,Remote,210000.0,210000.0,210000.0
DATA PROCESSING,"Shastripuram, Agra, Uttar Pradesh","From ₹10,000 a month",,Shastripuram,Uttar Pradesh,120000.0,,120000.0
Intern - Computer Vision / Deep Learning,Remote,"₹60,000 - ₹1,20,000 a year",90000.0,Remote,Remote,90000.0,1080000.0,90000.0
Business Development Executive,Remote,"₹8,000 - ₹10,000 a month",9000.0,Remote,Remote,108000.0,108000.0,108000.0
Team Member,"Kazhakuttam, Kerala","₹10,000 - ₹18,000 a month",14000.0,,Kerala,168000.0,168000.0,168000.0
Business Development Associate,"Goregaon, Mumbai, Maharashtra","₹25,000 - ₹30,000 a month",27500.0,Goregaon,Maharashtra,330000.0,330000.0,330000.0
Accountant Trainee,"Kochi, Kerala","₹15,000 - ₹30,000 a month",22500.0,,Kerala,270000.0,270000.0,270000.0
Brand Face,"Gurugram, Haryana","₹10,000 - ₹30,000 a month",20000.0,,Haryana,240000.0,240000.0,240000.0
Passenger Services Supervisor,"Bhubaneswar, Orissa","₹19,367.31 - ₹32,480.22 a month",25923.765,,Orissa,311085.18,311085.18,311085.18
Video Editor,Remote,"₹8,000 - ₹12,000 a month",10000.0,Remote,Remote,120000.0,120000.0,120000.0
Physiotherapist,"Mumbai, Maharashtra","₹12,604.66 - ₹40,233.68 a month",26419.17,,Maharashtra,317030.04,317030.04,317030.04
Online Mathematics Teacher,"Bengaluru, Karnataka",₹200 - ₹500 an hour,,,Karnataka,350.0,,350.0
Freelance Content Writer,Remote,"From ₹9,000 a month",,Remote,Remote,108000.0,,108000.0
Trainee Auditor,"Mangalore, Karnataka","₹16,500 - ₹20,000 a month",18250.0,,Karnataka,219000.0,219000.0,219000.0
PROBATIONARY OFFICER,"Coimbatore, Tamil Nadu","From ₹18,000 a month",,,Tamil Nadu,216000.0,,216000.0
bell Boy/Girl,"Kodaikanal, Tamil Nadu","From ₹13,000 a month",,,Tamil Nadu,156000.0,,156000.0
Exam Invigilator,"Tirupati, Andhra Pradesh","₹10,000 - ₹18,000 a month",14000.0,,Andhra Pradesh,168000.0,168000.0,168000.0
HR Recruiter,Remote,"₹12,000 - ₹15,000 a month",13500.0,Remote,Remote,162000.0,162000.0,162000.0
Warehouse Executive,"Manali, Chennai, Tamil Nadu","₹12,000 - ₹20,000 a month",16000.0,Manali,Tamil Nadu,192000.0,192000.0,192000.0
Billing Executive,"Nilambur, Kerala","₹9,000 - ₹14,000 a month",11500.0,,Kerala,138000.0,138000.0,138000.0
Private Tutor,"Bengaluru, Karnataka","₹15,000 - ₹45,000 a month",30000.0,,Karnataka,360000.0,360000.0,360000.0
Customer Care Executive - Hindi Must,"Chennai, Tamil Nadu","From ₹15,000 a month",,,Tamil Nadu,180000.0,,180000.0
EDUCATION COUNSELLOR,"Thrissur, Kerala","₹15,000 - ₹25,000 a month",20000.0,,Kerala,240000.0,240000.0,240000.0
Trainee,Remote,"₹10,000 - ₹12,000 a month",11000.0,Remote,Remote,132000.0,132000.0,132000.0
Warehouse Associate,"Kochi, Kerala","₹14,000 - ₹14,787 a month",14393.5,,Kerala,172722.0,172722.0,172722.0
Accademic Counsellor,"Thrissur, Kerala","₹12,000 - ₹20,000 a month",16000.0,,Kerala,192000.0,192000.0,192000.0
Medical Coder Trainee,"Thiruvananthapuram, Kerala","₹15,000 - ₹25,000 a month",20000.0,,Kerala,240000.0,240000.0,240000.0
Fresh Graduate,"Talegaon Dabhade, Pune, Maharashtra","₹17,500 - ₹21,000 a month",19250.0,Talegaon Dabhade,Maharashtra,231000.0,231000.0,231000.0
Management Trainee,"Janakpuri, Delhi, Delhi","₹18,000 - ₹25,000 a month",21500.0,Janakpuri,Delhi,258000.0,258000.0,258000.0
Front Office,"Kochi, Kerala","₹20,000 - ₹25,000 a month",22500.0,,Kerala,270000.0,270000.0,270000.0
Customer Service Executive,"Dharmsala, Himachal Pradesh","₹10,000 - ₹12,000 a month",11000.0,,Himachal Pradesh,132000.0,132000.0,132000.0
Delivery Drivers / Delivery Executives / Delivery Boys / Freshers,"Ahmedabad, Gujarat","Up to ₹30,000 a month",,,Gujarat,360000.0,,360000.0
Pizza hut- Team Member,"Aluva, Kerala","Up to ₹10,500 a month",,,Kerala,126000.0,,126000.0
Trainee Associate,"Karimnagar, Telangana","₹12,000 - ₹17,000 a month",14500.0,,Telangana,174000.0,174000.0,174000.0
Data Entry Executive (delhi only),"Delhi, Delhi","Up to ₹12,500 a month",,,Delhi,150000.0,,150000.0
Trainee Architect,"Delhi, Delhi","₹15,039.68 - ₹67,972.53 a month",41506.105,,Delhi,498073.25999999995,498073.26,498073.25999999995
Delivery Partner/Delivery Executive,"Goa, Goa","₹25,000 - ₹40,000 a month",32500.0,,Goa,390000.0,390000.0,390000.0
Research Trainee,"Mumbai, Maharashtra","₹20,000 - ₹25,000 a month",22500.0,,Maharashtra,270000.0,270000.0,270000.0
"Graphic Designer (Vesu, Surat)","Athwa, Surat, Gujarat","₹1,75,000 - ₹2,50,000 a year",212500.0,Athwa,Gujarat,212500.0,2550000.0,212500.0
Fresher required (operations),"Noida, Uttar Pradesh","₹15,000 - ₹20,000 a month",17500.0,,Uttar Pradesh,210000.0,210000.0,210000.0
"High School Teacher, IT","Himayatnagar, Hyderabad, Telangana","From ₹15,000 a month",,Himayatnagar,Telangana,180000.0,,180000.0
Trainee Digital Marketer,Kerala,"₹5,000 - ₹7,000 a month",6000.0,Kerala,Kerala,72000.0,72000.0,72000.0
Video Editor,"Kochi, Kerala","₹15,000 - ₹20,000 a month",17500.0,,Kerala,210000.0,210000.0,210000.0
Sand plant operator(Fresher also can apply)Location- Howrah,"Howrah, West Bengal","₹15,000 - ₹17,000 a month",16000.0,,West Bengal,192000.0,192000.0,192000.0
DSMH-HIRING-,India,"₹2,56,870 - ₹2,56,874 a year",256872.0,India,India,256872.0,3082464.0,256872.0
Trainee IPQA,"Baddi, Himachal Pradesh","₹1,00,000 - ₹2,00,000 a year",150000.0,,Himachal Pradesh,150000.0,1800000.0,150000.0
Trainee Auditor,"Mangalore, Karnataka","₹16,500 - ₹20,000 a month",18250.0,,Karnataka,219000.0,219000.0,219000.0
QC (Apparel/Garment),"Tiruppur, Tamil Nadu","₹12,000 - ₹18,000 a month",15000.0,,Tamil Nadu,180000.0,180000.0,180000.0
Cashier,"Kazhakoottam, Thiruvananthapuram, Kerala","₹9,000 - ₹15,000 a month",12000.0,Kazhakoottam,Kerala,144000.0,144000.0,144000.0
Business Development Associate,"Pune, Maharashtra","₹20,585.48 - ₹39,150.69 a month",29868.085,,Maharashtra,358417.02,358417.02,358417.02
Business Associate,"Sahibganj, Jharkhand","From ₹22,000 a month",,,Jharkhand,264000.0,,264000.0
HR Intern,Remote,"₹3,000 - ₹6,000 a month",4500.0,Remote,Remote,54000.0,54000.0,54000.0
MEDICAL REPRESENTATIVE,"Kochi, Kerala","From ₹20,00,000 a year",,,Kerala,2000000.0,,2000000.0
Content Strategist & Writer,Remote,₹60 an hour,,Remote,Remote,60.0,,60.0
Fresher-Bcom,"Delhi, Delhi","₹15,000 - ₹20,000 a month",17500.0,,Delhi,210000.0,210000.0,210000.0
Business Analyst Fresher,"Goregaon, Mumbai, Maharashtra","₹1,80,000 a year",180000.0,Goregaon,Maharashtra,180000.0,2160000.0,180000.0
Non Voice Chat Process,"Badli, Delhi, Delhi","₹14,500 - ₹19,500 a month",17000.0,Badli,Delhi,204000.0,204000.0,204000.0
General engineer trainee,"Erode, Tamil Nadu","₹15,000 - ₹22,000 a month",18500.0,,Tamil Nadu,222000.0,222000.0,222000.0
Physiotherapy Germany,"Greater Noida, Uttar Pradesh","₹2,00,000 - ₹2,50,000 a month",225000.0,,Uttar Pradesh,2700000.0,2700000.0,2700000.0
Facilitator,"Ashoknagar, Madhya Pradesh","From ₹12,000 a month",,,Madhya Pradesh,144000.0,,144000.0
Office Assistant,"Habra, West Bengal","₹7,000 - ₹8,000 a month",7500.0,,West Bengal,90000.0,90000.0,90000.0
Management Trainee,"Delhi, Delhi","₹23,082 - ₹60,000 a month",41541.0,,Delhi,498492.0,498492.0,498492.0
Trainee Store,"Vypin, Kerala","From ₹10,000 a month",,,Kerala,120000.0,,120000.0
Website Designer & Developer,"Namakkal, Tamil Nadu","₹1,20,000 - ₹6,00,000 a year",360000.0,,Tamil Nadu,360000.0,4320000.0,360000.0
Store In-charge,"Runkata, Agra, Uttar Pradesh","From ₹13,000 a month",,Runkata,Uttar Pradesh,156000.0,,156000.0
Operations executive,"Domlur, Bengaluru, Karnataka","₹22,000 - ₹26,000 a month",24000.0,Domlur,Karnataka,288000.0,288000.0,288000.0
Business Development,"Thane, Maharashtra","₹11,957.98 - ₹52,489.13 a month",32223.555,,Maharashtra,386682.66000000003,386682.66000000003,386682.66000000003
Trainee - Quality,"Delhi, Delhi","₹17,000 - ₹35,000 a month",26000.0,,Delhi,312000.0,312000.0,312000.0
Modelling,"Mumbai, Maharashtra","₹30,000 - ₹45,000 a month",37500.0,,Maharashtra,450000.0,450000.0,450000.0
HR Intern,Remote,"₹6,086 - ₹20,000 a month",13043.0,Remote,Remote,156516.0,156516.0,156516.0
Computer Hardware & Networking Engineer,"Kochi, Kerala","₹5,000 - ₹6,500 a month",5750.0,,Kerala,69000.0,69000.0,69000.0
Technical Marketing,"Bengaluru, Karnataka","₹4,50,000 a year",450000.0,,Karnataka,450000.0,5400000.0,450000.0
"Data Entry (Fresher), Tiruppur","Tiruppur, Tamil Nadu","₹11,000 - ₹13,000 a month",12000.0,,Tamil Nadu,144000.0,144000.0,144000.0
Staff Trainee,"Amroha, Uttar Pradesh","₹1,25,000 - ₹2,00,000 a year",162500.0,,Uttar Pradesh,162500.0,1950000.0,162500.0
Video Editor in Coimbatore,"Coimbatore, Tamil Nadu","₹8,000 - ₹20,000 a month",14000.0,,Tamil Nadu,168000.0,168000.0,168000.0
Unit Coordinator,"Yadgir, Karnataka","Up to ₹20,000 a month",,,Karnataka,240000.0,,240000.0
Office Assistant,"Kochi, Kerala","₹8,086 - ₹12,000 a month",10043.0,,Kerala,120516.0,120516.0,120516.0
Business Development Associate,"Coimbatore, Tamil Nadu","₹15,000 - ₹40,000 a month",27500.0,,Tamil Nadu,330000.0,330000.0,330000.0
Looking for Course Counsellors/Tele callers on Commission Basis,"Kayankulam, Kerala","₹20,000 - ₹80,000 a month",50000.0,,Kerala,600000.0,600000.0,600000.0
Software Trainee,"Thiruvananthapuram District, Kerala","₹5,000 - ₹8,000 a month",6500.0,,Kerala,78000.0,78000.0,78000.0
Trainee,"Perungudi, Chennai, Tamil Nadu","₹15,000 - ₹18,000 a month",16500.0,Perungudi,Tamil Nadu,198000.0,198000.0,198000.0
Opening for Delivery Partner,"Kottayam, Kerala","From ₹20,086 a month",,,Kerala,241032.0,,241032.0
Business Development Associate,Remote,"₹10,813.14 - ₹39,892.82 a month",25352.98,Remote,Remote,304235.76,304235.76,304235.76
Accounting Faculty,"Tiruvalla, Kerala","₹10,000 - ₹13,000 a month",11500.0,,Kerala,138000.0,138000.0,138000.0
Production Co-ordinator,"Mumbai, Maharashtra","₹8,000 - ₹25,000 a month",16500.0,,Maharashtra,198000.0,198000.0,198000.0
Female Allocation Executive,"Kochi, Kerala","₹20,000 - ₹23,000 a month",21500.0,,Kerala,258000.0,258000.0,258000.0
Delivery Executive/Delivery Partner,"Gurugram, Haryana","₹18,000 - ₹35,000 a month",26500.0,,Haryana,318000.0,318000.0,318000.0
Electrical Assembler,"Coimbatore, Tamil Nadu","₹20,000 a month",20000.0,,Tamil Nadu,240000.0,240000.0,240000.0
Architect,"Ahmedabad, Gujarat","₹18,000 - ₹35,000 a month",26500.0,,Gujarat,318000.0,318000.0,318000.0
Sales Officer (SO),"Alleppey, Kerala","₹18,000 - ₹22,000 a month",20000.0,,Kerala,240000.0,240000.0,240000.0
Project Assistant,"Attur, Tamil Nadu","₹12,937.04 - ₹15,000.00 a month",13968.52,,Tamil Nadu,167622.24,167622.24,167622.24
Content Writer-Remote,"Calicut, Kerala","₹2,00,000 - ₹3,00,000 a year",250000.0,,Kerala,250000.0,3000000.0,250000.0
Customer Relationship Executive - B2B,"Thiruvananthapuram, Kerala","₹14,000 - ₹20,000 a month",17000.0,,Kerala,204000.0,204000.0,204000.0
Office Assistant,"Kochi, Kerala","₹8,086.00 - ₹22,552.53 a month",15319.265,,Kerala,183831.18,183831.18,183831.18
Air Conditioning Technician,"Ambawadi, Ahmedabad, Gujarat","Up to ₹50,000 a month",,Ambawadi,Gujarat,600000.0,,600000.0
FRESHER graduate (Any Field),"Jagnath Plot, Rajkot, Gujarat","₹1,20,000 - ₹3,50,000 a year",235000.0,Jagnath Plot,Gujarat,235000.0,2820000.0,235000.0
Purchase Assistant,"Tiruppur, Tamil Nadu","₹13,000 a month",13000.0,,Tamil Nadu,156000.0,156000.0,156000.0
Badminton Coach,"Bengaluru, Karnataka","From ₹20,000 a month",,,Karnataka,240000.0,,240000.0
Badminton Coach,"Bengaluru, Karnataka","From ₹20,000 a month",,,Karnataka,240000.0,,240000.0
AutoCAD Draftsman,"Gundavali, Mumbai, Maharashtra","₹10,000 - ₹20,000 a month",15000.0,Gundavali,Maharashtra,180000.0,180000.0,180000.0
"Staff Nurse,ANM, GNM,","Chennai, Tamil Nadu","₹10,000 - ₹15,000 a month",12500.0,,Tamil Nadu,150000.0,150000.0,150000.0
WANTED B.E CIVIL CANDIDATES WITH CAD KNOWLEDGE,"Simmakkal, Madurai, Tamil Nadu","₹12,000 - ₹22,000 a month",17000.0,Simmakkal,Tamil Nadu,204000.0,204000.0,204000.0
Digital Marketing Specialist,"Chandigarh, Chandigarh","₹1,80,000 - ₹3,00,000 a year",240000.0,,Chandigarh,240000.0,2880000.0,240000.0
Spot Offer for Customer Support Executive,"Teynampet, Chennai, Tamil Nadu","₹11,000 - ₹17,000 a month",14000.0,Teynampet,Tamil Nadu,168000.0,168000.0,168000.0
Associate Sales Manager,"Vashi, Navi Mumbai, Maharashtra","From ₹20,000 a month",,Vashi,Maharashtra,240000.0,,240000.0
Assembly Line Operator,"Chennai, Tamil Nadu","₹13,000 - ₹15,000 a month",14000.0,,Tamil Nadu,168000.0,168000.0,168000.0
Field Marketing Executive,"Egmore, Chennai, Tamil Nadu","₹9,838.25 - ₹27,777.89 a month",18808.07,Egmore,Tamil Nadu,225696.84,225696.84,225696.84
Receptionist (Female),"Navlakha, Indore, Madhya Pradesh","₹10,000 - ₹12,000 a month",11000.0,Navlakha,Madhya Pradesh,132000.0,132000.0,132000.0
Doctor,"Bellary, Karnataka","₹20,000 - ₹25,000 a month",22500.0,,Karnataka,270000.0,270000.0,270000.0
Delivery Drivers / Delivery Executives / Delivery Boys / Freshers,"Chandigarh, Chandigarh","Up to ₹30,000 a month",,,Chandigarh,360000.0,,360000.0
Staff Nurse- Female,"Chennai, Tamil Nadu","₹15,000 - ₹20,000 a month",17500.0,,Tamil Nadu,210000.0,210000.0,210000.0
Business Development Executive (BDE),"Kochi, Kerala","₹13,000 - ₹15,000 a month",14000.0,,Kerala,168000.0,168000.0,168000.0
Customer Service Representative,"Indore, Madhya Pradesh","₹10,000 - ₹15,000 a month",12500.0,,Madhya Pradesh,150000.0,150000.0,150000.0
Staff Nurse,"Kottayam, Kerala","From ₹20,000 a month",,,Kerala,240000.0,,240000.0
Female Customer Care Executive (Surat),"Surat, Gujarat","₹10,000 - ₹16,000 a month",13000.0,,Gujarat,156000.0,156000.0,156000.0
Sales Representative,"Uppal Kalan, Hyderabad, Telangana","₹10,000 - ₹15,000 a month",12500.0,Uppal Kalan,Telangana,150000.0,150000.0,150000.0
Travel Consultant (FEMALE ONLY),"Jetalpur, Vadodara, Gujarat","₹15,000 - ₹25,000 a month",20000.0,Jetalpur,Gujarat,240000.0,240000.0,240000.0
Digital Marketing Executive,"Zirakpur, Punjab","₹6,000 - ₹8,000 a month",7000.0,,Punjab,84000.0,84000.0,84000.0
Lead Generation Specialist,"Bengaluru, Karnataka","₹2,40,000 - ₹3,20,000 a year",280000.0,,Karnataka,280000.0,3360000.0,280000.0
Assembly Technician cum Winding Technician,"Karur, Tamil Nadu","₹12,000 - ₹15,000 a month",13500.0,,Tamil Nadu,162000.0,162000.0,162000.0
Business Development Associate,"Chinchwad, Pune, Maharashtra","From ₹15,000 a month",,Chinchwad,Maharashtra,180000.0,,180000.0
డెలివరీ ఎగ్జిక్యూటివ్ / డెలివరీ భాగస్వామి,"Hyderabad, Telangana","₹18,000 - ₹35,000 a month",26500.0,,Telangana,318000.0,318000.0,318000.0
Urgent Requirements of CHEMISTRY Teacher for NEET & JEE Main level,"Pune, Maharashtra","₹3,60,000 - ₹6,00,000 a year",480000.0,,Maharashtra,480000.0,5760000.0,480000.0
Digital Marketing Specialist,"Gurugram, Haryana","₹20,000 - ₹30,000 a month",25000.0,,Haryana,300000.0,300000.0,300000.0
Field Executive,"Ahmedabad, Gujarat","₹10,000 - ₹12,000 a month",11000.0,,Gujarat,132000.0,132000.0,132000.0
Telecaller Executive,"Gurugram, Haryana","₹8,000 - ₹15,000 a month",11500.0,,Haryana,138000.0,138000.0,138000.0
Bussiness Development Executive,"Ashok Nagar, Ranchi, Jharkhand","₹8,000 - ₹15,000 a month",11500.0,Ashok Nagar,Jharkhand,138000.0,138000.0,138000.0
Inbound Banking Hindi Voice Process,"Teynampet, Chennai, Tamil Nadu","₹14,000 - ₹16,000 a month",15000.0,Teynampet,Tamil Nadu,180000.0,180000.0,180000.0
Consultant Doctor,"Salem, Tamil Nadu","₹20,000 - ₹25,000 a month",22500.0,,Tamil Nadu,270000.0,270000.0,270000.0
Architectural Draftsperson,"Nikol, Ahmedabad, Gujarat","₹8,000 - ₹25,000 a month",16500.0,Nikol,Gujarat,198000.0,198000.0,198000.0
Sales and Customer Service Executive,"Nungambakkam High Road, Chennai, Tamil Nadu","₹18,000 - ₹22,000 a month",20000.0,Nungambakkam High Road,Tamil Nadu,240000.0,240000.0,240000.0
Fashion Designer(Female) as a FASHION CONSULTANT for a Retail Store,"R.S.Puram West, Tamil Nadu","From ₹12,000 a month",,,Tamil Nadu,144000.0,,144000.0
Aesthetic Surgeon,"T Nagar, Chennai, Tamil Nadu","₹45,000 - ₹50,000 a month",47500.0,T Nagar,Tamil Nadu,570000.0,570000.0,570000.0
Robotics / STEM Trainer,"Jaipur, Rajasthan","₹1,80,000 - ₹4,80,000 a year",330000.0,,Rajasthan,330000.0,3960000.0,330000.0
Diploma Mechanical Engineer - Design Engineer Trainee,"Coimbatore, Tamil Nadu","₹13,000 - ₹15,000 a month",14000.0,,Tamil Nadu,168000.0,168000.0,168000.0
Business Development Executive (BDE),"Bopal, Ahmedabad, Gujarat","₹15,000 - ₹35,000 a month",25000.0,Bopal,Gujarat,300000.0,300000.0,300000.0
Admission Counselor/ Telecaler Executive,"Chandigarh, Chandigarh","From ₹15,000 a month",,,Chandigarh,180000.0,,180000.0
Sales Staff,"Chennai, Tamil Nadu","₹15,000 - ₹16,000 a month",15500.0,,Tamil Nadu,186000.0,186000.0,186000.0
STUDY ABROAD Admission Process Associate,"Kochi, Kerala","₹8,000 - ₹15,000 a month",11500.0,,Kerala,138000.0,138000.0,138000.0
Production Supervisor,"Rajkot, Gujarat","From ₹10,000 a month",,,Gujarat,120000.0,,120000.0
Delivery Partner/Delivery Executive,"Bhubaneswar, Orissa","₹25,000 - ₹40,000 a month",32500.0,,Orissa,390000.0,390000.0,390000.0
Software Sales Executive,"Calicut, Kerala","₹8,587.91 - ₹33,638.68 a month",21113.295,,Kerala,253359.53999999998,253359.53999999998,253359.53999999998
Tele Caller Executive,"New Alipur, Kolkata, West Bengal","₹8,000 - ₹12,500 a month",10250.0,New Alipur,West Bengal,123000.0,123000.0,123000.0
Need STUDY/TOURIST visa Councellor,"Ghumar Mandi, Ludhiana, Punjab","From ₹25,000 a month",,Ghumar Mandi,Punjab,300000.0,,300000.0
Tele Calling Executive,"Ashoknagar, Bengaluru, Karnataka","₹15,000 - ₹20,000 a month",17500.0,Ashoknagar,Karnataka,210000.0,210000.0,210000.0
Territory Sales Officer,"Athgaon, Guwahati, Assam","₹15,000 - ₹21,000 a month",18000.0,Athgaon,Assam,216000.0,216000.0,216000.0
Draughtsman Mechanical,"Talawade, Pune, Maharashtra","₹10,000 - ₹18,000 a month",14000.0,Talawade,Maharashtra,168000.0,168000.0,168000.0
Business Development Executive,"Vadodara, Gujarat","₹10,000 - ₹36,000 a month",23000.0,,Gujarat,276000.0,276000.0,276000.0
Restaurant Staff,"Vizhinjam, Thiruvananthapuram, Kerala","₹15,000 - ₹40,000 a month",27500.0,Vizhinjam,Kerala,330000.0,330000.0,330000.0
Aesthetic Surgeon,"Visakhapatnam, Andhra Pradesh","₹45,000 - ₹50,000 a month",47500.0,,Andhra Pradesh,570000.0,570000.0,570000.0
JUNIOR ARCHITECT,"Salt Lake City, West Bengal","₹15,000 - ₹25,000 a month",20000.0,,West Bengal,240000.0,240000.0,240000.0
Delivery Partner/Delivery Executive,"Kolkata, West Bengal","₹15,000 - ₹35,000 a month",25000.0,,West Bengal,300000.0,300000.0,300000.0
Interior Designer,"Mumbai, Maharashtra","₹1,80,000 - ₹3,00,000 a year",240000.0,,Maharashtra,240000.0,2880000.0,240000.0
"Inside Sales Account Manager - - Preferred from Hyderabad, TS","Hyderabad, Telangana","₹2,00,000 - ₹3,00,000 a year",250000.0,,Telangana,250000.0,3000000.0,250000.0
Community Associate (Social Worker),"Kochi, Kerala","₹12,000 - ₹25,000 a month",18500.0,,Kerala,222000.0,222000.0,222000.0
Tele Marketing Executive,"Anna Nagar East, Chennai, Tamil Nadu","₹15,000 - ₹20,000 a month",17500.0,Anna Nagar East,Tamil Nadu,210000.0,210000.0,210000.0
Customer Relationship Executive (for Rajkot candidate only),"Rajkot, Gujarat","₹10,000 - ₹25,000 a month",17500.0,,Gujarat,210000.0,210000.0,210000.0
Business Development Officer,"Bengaluru, Karnataka","₹11,025.27 - ₹30,000.00 a month",20512.635,,Karnataka,246151.62000000002,246151.62,246151.62000000002
Delivery Executive/Delivery Partner,"Noida, Uttar Pradesh","₹18,000 - ₹35,000 a month",26500.0,,Uttar Pradesh,318000.0,318000.0,318000.0
Staff Nurse (Dermatology; Nungambakkam Chennai),"Nungambakkam, Chennai, Tamil Nadu","₹14,000 - ₹30,000 a month",22000.0,Nungambakkam,Tamil Nadu,264000.0,264000.0,264000.0
Junior Landscape Architect,"Bengaluru, Karnataka","From ₹18,000 a month",,,Karnataka,216000.0,,216000.0
Stock Market Trader,"Gurugram, Haryana","₹50,000 - ₹2,00,000 a year",125000.0,,Haryana,125000.0,1500000.0,125000.0
Sales executive-(MBA Freshers),"Kochi, Kerala","₹15,000 - ₹20,000 a month",17500.0,,Kerala,210000.0,210000.0,210000.0
Sales Executive / Sales Manager - Real Estate,"Kochi, Kerala","₹20,000 - ₹30,000 a month",25000.0,,Kerala,300000.0,300000.0,300000.0
Junior Sales and Marketing Executive (Healthcare),"Pune, Maharashtra","₹15,000 - ₹20,000 a month",17500.0,,Maharashtra,210000.0,210000.0,210000.0
Hairdresser,"Rajarajeshwari Nagar, Bengaluru, Karnataka","₹18,000 - ₹22,000 a month",20000.0,Rajarajeshwari Nagar,Karnataka,240000.0,240000.0,240000.0
Commis Chef,"Andheri West, Mumbai, Maharashtra","₹9,686.71 - ₹23,431.79 a month",16559.25,Andheri West,Maharashtra,198711.0,198711.0,198711.0
Inside Sales Executive,"Vastrapur, Ahmedabad, Gujarat","₹15,000 - ₹25,000 a month",20000.0,Vastrapur,Gujarat,240000.0,240000.0,240000.0
Site Engineer,"Nandanam, Chennai, Tamil Nadu","From ₹15,000 a month",,Nandanam,Tamil Nadu,180000.0,,180000.0
Sales & Marketing Assistant manager,"Surat, Gujarat","₹18,000 - ₹20,000 a month",19000.0,,Gujarat,228000.0,228000.0,228000.0
Trainee,"Navadwip, West Bengal","₹10,000 - ₹12,000 a month",11000.0,,West Bengal,132000.0,132000.0,132000.0
Lead Generation Executive,"Mumbai, Maharashtra","₹10,000 - ₹13,000 a month",11500.0,,Maharashtra,138000.0,138000.0,138000.0
Sales & Marketing Assistant manager,"Mumbai, Maharashtra","₹20,000 - ₹22,000 a month",21000.0,,Maharashtra,252000.0,252000.0,252000.0
Physiotherapist,"Madurai, Tamil Nadu","₹8,086.00 - ₹29,664.21 a month",18875.105,,Tamil Nadu,226501.26,226501.26,226501.26
Site Engineer,"Pimpri-Chinchwad, Maharashtra","₹10,601.15 - ₹15,000.00 a month",12800.575,,Maharashtra,153606.90000000002,153606.90000000002,153606.90000000002
Renewals Executive,"Mumbai, Maharashtra","₹10,000 - ₹13,000 a month",11500.0,,Maharashtra,138000.0,138000.0,138000.0
Electrical Engineer,"Thrissur, Kerala","₹15,000 - ₹20,000 a month",17500.0,,Kerala,210000.0,210000.0,210000.0
Field Sales Representative,"Karvenagar, Pune, Maharashtra","₹20,000 - ₹35,000 a month",27500.0,Karvenagar,Maharashtra,330000.0,330000.0,330000.0
Café All Rounder/Barista/Tea House Chef,"Tiruchchirappalli, Tamil Nadu","From ₹12,000 a month",,,Tamil Nadu,144000.0,,144000.0
Beauty and Massage Therapist,"Chennai, Tamil Nadu","From ₹20,000 a month",,,Tamil Nadu,240000.0,,240000.0
Back Office Executive (Operations Insurance),"Ujjain, Madhya Pradesh","₹10,500 - ₹20,000 a month",15250.0,,Madhya Pradesh,183000.0,183000.0,183000.0
Sales & Marketing Manager,"Kolkata, West Bengal","Up to ₹35,000 a month",,,West Bengal,420000.0,,420000.0
Sales & Marketing Officer,"Kochi, Kerala","₹15,000 - ₹18,000 a month",16500.0,,Kerala,198000.0,198000.0,198000.0
Field Sales Representative,"Bengaluru, Karnataka","₹15,000 - ₹25,000 a month",20000.0,,Karnataka,240000.0,240000.0,240000.0
